Field_number,Sector_en,Sector_fr,Sector_es,Field_en,Field_fr,Field_es,IPC_code,Updated_on,Remark
1,Electrical engineering,Electrotechnique,Electricidad - Electronica,"Electrical machinery, apparatus, energy","Machines, appareils et energie electriques","Aparatos electronicos, ingenieria electronica, energia electrica",F21H%,,
1,Electrical engineering,Electrotechnique,Electricidad - Electronica,"Electrical machinery, apparatus, energy","Machines, appareils et energie electriques","Aparatos electronicos, ingenieria electronica, energia electrica",F21K%,,
1,Electrical engineering,Electrotechnique,Electricidad - Electronica,"Electrical machinery, apparatus, energy","Machines, appareils et energie electriques","Aparatos electronicos, ingenieria electronica, energia electrica",F21L%,,
1,Electrical engineering,Electrotechnique,Electricidad - Electronica,"Electrical machinery, apparatus, energy","Machines, appareils et energie electriques","Aparatos electronicos, ingenieria electronica, energia electrica",F21S%,,
1,Electrical engineering,Electrotechnique,Electricidad - Electronica,"Electrical machinery, apparatus, energy","Machines, appareils et energie electriques","Aparatos electronicos, ingenieria electronica, energia electrica",F21V%,,
1,Electrical engineering,Electrotechnique,Electricidad - Electronica,"Electrical machinery, apparatus, energy","Machines, appareils et energie electriques","Aparatos electronicos, ingenieria electronica, energia electrica",F21W%,,
1,Electrical engineering,Electrotechnique,Electricidad - Electronica,"Electrical machinery, apparatus, energy","Machines, appareils et energie electriques","Aparatos electronicos, ingenieria electronica, energia electrica",F21Y%,,
1,Electrical engineering,Electrotechnique,Electricidad - Electronica,"Electrical machinery, apparatus, energy","Machines, appareils et energie electriques","Aparatos electronicos, ingenieria electronica, energia electrica",H01B%,,
1,Electrical engineering,Electrotechnique,Electricidad - Electronica,"Electrical machinery, apparatus, energy","Machines, appareils et energie electriques","Aparatos electronicos, ingenieria electronica, energia electrica",H01C%,,
1,Electrical engineering,Electrotechnique,Electricidad - Electronica,"Electrical machinery, apparatus, energy","Machines, appareils et energie electriques","Aparatos electronicos, ingenieria electronica, energia electrica",H01F%,,
1,Electrical engineering,Electrotechnique,Electricidad - Electronica,"Electrical machinery, apparatus, energy","Machines, appareils et energie electriques","Aparatos electronicos, ingenieria electronica, energia electrica",H01G%,,
1,Electrical engineering,Electrotechnique,Electricidad - Electronica,"Electrical machinery, apparatus, energy","Machines, appareils et energie electriques","Aparatos electronicos, ingenieria electronica, energia electrica",H01H%,,
1,Electrical engineering,Electrotechnique,Electricidad - Electronica,"Electrical machinery, apparatus, energy","Machines, appareils et energie electriques","Aparatos electronicos, ingenieria electronica, energia electrica",H01J%,,
1,Electrical engineering,Electrotechnique,Electricidad - Electronica,"Electrical machinery, apparatus, energy","Machines, appareils et energie electriques","Aparatos electronicos, ingenieria electronica, energia electrica",H01K%,,
1,Electrical engineering,Electrotechnique,Electricidad - Electronica,"Electrical machinery, apparatus, energy","Machines, appareils et energie electriques","Aparatos electronicos, ingenieria electronica, energia electrica",H01M%,,
1,Electrical engineering,Electrotechnique,Electricidad - Electronica,"Electrical machinery, apparatus, energy","Machines, appareils et energie electriques","Aparatos electronicos, ingenieria electronica, energia electrica",H01R%,,
1,Electrical engineering,Electrotechnique,Electricidad - Electronica,"Electrical machinery, apparatus, energy","Machines, appareils et energie electriques","Aparatos electronicos, ingenieria electronica, energia electrica",H01T%,,
1,Electrical engineering,Electrotechnique,Electricidad - Electronica,"Electrical machinery, apparatus, energy","Machines, appareils et energie electriques","Aparatos electronicos, ingenieria electronica, energia electrica",H02B%,,
1,Electrical engineering,Electrotechnique,Electricidad - Electronica,"Electrical machinery, apparatus, energy","Machines, appareils et energie electriques","Aparatos electronicos, ingenieria electronica, energia electrica",H02G%,,
1,Electrical engineering,Electrotechnique,Electricidad - Electronica,"Electrical machinery, apparatus, energy","Machines, appareils et energie electriques","Aparatos electronicos, ingenieria electronica, energia electrica",H02H%,,
1,Electrical engineering,Electrotechnique,Electricidad - Electronica,"Electrical machinery, apparatus, energy","Machines, appareils et energie electriques","Aparatos electronicos, ingenieria electronica, energia electrica",H02J%,,
1,Electrical engineering,Electrotechnique,Electricidad - Electronica,"Electrical machinery, apparatus, energy","Machines, appareils et energie electriques","Aparatos electronicos, ingenieria electronica, energia electrica",H02K%,,
1,Electrical engineering,Electrotechnique,Electricidad - Electronica,"Electrical machinery, apparatus, energy","Machines, appareils et energie electriques","Aparatos electronicos, ingenieria electronica, energia electrica",H02M%,,
1,Electrical engineering,Electrotechnique,Electricidad - Electronica,"Electrical machinery, apparatus, energy","Machines, appareils et energie electriques","Aparatos electronicos, ingenieria electronica, energia electrica",H02N%,,
1,Electrical engineering,Electrotechnique,Electricidad - Electronica,"Electrical machinery, apparatus, energy","Machines, appareils et energie electriques","Aparatos electronicos, ingenieria electronica, energia electrica",H02P%,,
1,Electrical engineering,Electrotechnique,Electricidad - Electronica,"Electrical machinery, apparatus, energy","Machines, appareils et energie electriques","Aparatos electronicos, ingenieria electronica, energia electrica",H02S%,10-Jun-14,
1,Electrical engineering,Electrotechnique,Electricidad - Electronica,"Electrical machinery, apparatus, energy","Machines, appareils et energie electriques","Aparatos electronicos, ingenieria electronica, energia electrica",H05B%,,
1,Electrical engineering,Electrotechnique,Electricidad - Electronica,"Electrical machinery, apparatus, energy","Machines, appareils et energie electriques","Aparatos electronicos, ingenieria electronica, energia electrica",H05C%,,
1,Electrical engineering,Electrotechnique,Electricidad - Electronica,"Electrical machinery, apparatus, energy","Machines, appareils et energie electriques","Aparatos electronicos, ingenieria electronica, energia electrica",H05F%,,
1,Electrical engineering,Electrotechnique,Electricidad - Electronica,"Electrical machinery, apparatus, energy","Machines, appareils et energie electriques","Aparatos electronicos, ingenieria electronica, energia electrica",H99Z%,,
2,Electrical engineering,Electrotechnique,Electricidad - Electronica,Audio-visual technology,Techniques audiovisuelles,Tecnologia audiovisual,G09F%,,
2,Electrical engineering,Electrotechnique,Electricidad - Electronica,Audio-visual technology,Techniques audiovisuelles,Tecnologia audiovisual,G09G%,,
2,Electrical engineering,Electrotechnique,Electricidad - Electronica,Audio-visual technology,Techniques audiovisuelles,Tecnologia audiovisual,G11B%,,
2,Electrical engineering,Electrotechnique,Electricidad - Electronica,Audio-visual technology,Techniques audiovisuelles,Tecnologia audiovisual,H04N   3%,,
2,Electrical engineering,Electrotechnique,Electricidad - Electronica,Audio-visual technology,Techniques audiovisuelles,Tecnologia audiovisual,H04N   5%,,
2,Electrical engineering,Electrotechnique,Electricidad - Electronica,Audio-visual technology,Techniques audiovisuelles,Tecnologia audiovisual,H04N   7%,,
2,Electrical engineering,Electrotechnique,Electricidad - Electronica,Audio-visual technology,Techniques audiovisuelles,Tecnologia audiovisual,H04N   9%,,
2,Electrical engineering,Electrotechnique,Electricidad - Electronica,Audio-visual technology,Techniques audiovisuelles,Tecnologia audiovisual,H04N  11%,,
2,Electrical engineering,Electrotechnique,Electricidad - Electronica,Audio-visual technology,Techniques audiovisuelles,Tecnologia audiovisual,H04N  13%,,
2,Electrical engineering,Electrotechnique,Electricidad - Electronica,Audio-visual technology,Techniques audiovisuelles,Tecnologia audiovisual,H04N  15%,,
2,Electrical engineering,Electrotechnique,Electricidad - Electronica,Audio-visual technology,Techniques audiovisuelles,Tecnologia audiovisual,H04N  17%,,
2,Electrical engineering,Electrotechnique,Electricidad - Electronica,Audio-visual technology,Techniques audiovisuelles,Tecnologia audiovisual,H04N  19%,10-Jun-14,
2,Electrical engineering,Electrotechnique,Electricidad - Electronica,Audio-visual technology,Techniques audiovisuelles,Tecnologia audiovisual,H04N 101%,,
2,Electrical engineering,Electrotechnique,Electricidad - Electronica,Audio-visual technology,Techniques audiovisuelles,Tecnologia audiovisual,H04R%,,
2,Electrical engineering,Electrotechnique,Electricidad - Electronica,Audio-visual technology,Techniques audiovisuelles,Tecnologia audiovisual,H04S%,,
2,Electrical engineering,Electrotechnique,Electricidad - Electronica,Audio-visual technology,Techniques audiovisuelles,Tecnologia audiovisual,H05K%,,
3,Electrical engineering,Electrotechnique,Electricidad - Electronica,Telecommunications,Telecommunications,Telecomunicaciones,G08C%,,
3,Electrical engineering,Electrotechnique,Electricidad - Electronica,Telecommunications,Telecommunications,Telecomunicaciones,H01P%,,
3,Electrical engineering,Electrotechnique,Electricidad - Electronica,Telecommunications,Telecommunications,Telecomunicaciones,H01Q%,,
3,Electrical engineering,Electrotechnique,Electricidad - Electronica,Telecommunications,Telecommunications,Telecomunicaciones,H04B%,,
3,Electrical engineering,Electrotechnique,Electricidad - Electronica,Telecommunications,Telecommunications,Telecomunicaciones,H04H%,,
3,Electrical engineering,Electrotechnique,Electricidad - Electronica,Telecommunications,Telecommunications,Telecomunicaciones,H04J%,,
3,Electrical engineering,Electrotechnique,Electricidad - Electronica,Telecommunications,Telecommunications,Telecomunicaciones,H04K%,,
3,Electrical engineering,Electrotechnique,Electricidad - Electronica,Telecommunications,Telecommunications,Telecomunicaciones,H04M%,,
3,Electrical engineering,Electrotechnique,Electricidad - Electronica,Telecommunications,Telecommunications,Telecomunicaciones,H04N   1%,,
3,Electrical engineering,Electrotechnique,Electricidad - Electronica,Telecommunications,Telecommunications,Telecomunicaciones,H04Q%,,
4,Electrical engineering,Electrotechnique,Electricidad - Electronica,Digital communication,Communication numerique,Comunicacion digital,H04L%,,
4,Electrical engineering,Electrotechnique,Electricidad - Electronica,Digital communication,Communication numerique,Comunicacion digital,H04N  21%,,
4,Electrical engineering,Electrotechnique,Electricidad - Electronica,Digital communication,Communication numerique,Comunicacion digital,H04W%,,
5,Electrical engineering,Electrotechnique,Electricidad - Electronica,Basic communication processes,Techniques de communication de base,Procesos basicos de comunicacion,H03B%,,
5,Electrical engineering,Electrotechnique,Electricidad - Electronica,Basic communication processes,Techniques de communication de base,Procesos basicos de comunicacion,H03C%,,
5,Electrical engineering,Electrotechnique,Electricidad - Electronica,Basic communication processes,Techniques de communication de base,Procesos basicos de comunicacion,H03D%,,
5,Electrical engineering,Electrotechnique,Electricidad - Electronica,Basic communication processes,Techniques de communication de base,Procesos basicos de comunicacion,H03F%,,
5,Electrical engineering,Electrotechnique,Electricidad - Electronica,Basic communication processes,Techniques de communication de base,Procesos basicos de comunicacion,H03G%,,
5,Electrical engineering,Electrotechnique,Electricidad - Electronica,Basic communication processes,Techniques de communication de base,Procesos basicos de comunicacion,H03H%,,
5,Electrical engineering,Electrotechnique,Electricidad - Electronica,Basic communication processes,Techniques de communication de base,Procesos basicos de comunicacion,H03J%,,
5,Electrical engineering,Electrotechnique,Electricidad - Electronica,Basic communication processes,Techniques de communication de base,Procesos basicos de comunicacion,H03K%,,
5,Electrical engineering,Electrotechnique,Electricidad - Electronica,Basic communication processes,Techniques de communication de base,Procesos basicos de comunicacion,H03L%,,
5,Electrical engineering,Electrotechnique,Electricidad - Electronica,Basic communication processes,Techniques de communication de base,Procesos basicos de comunicacion,H03M%,,
6,Electrical engineering,Electrotechnique,Electricidad - Electronica,Computer technology,Informatique,Tecnologia informatica,G06C%,,
6,Electrical engineering,Electrotechnique,Electricidad - Electronica,Computer technology,Informatique,Tecnologia informatica,G06D%,,
6,Electrical engineering,Electrotechnique,Electricidad - Electronica,Computer technology,Informatique,Tecnologia informatica,G06E%,,
6,Electrical engineering,Electrotechnique,Electricidad - Electronica,Computer technology,Informatique,Tecnologia informatica,G06F%,,
6,Electrical engineering,Electrotechnique,Electricidad - Electronica,Computer technology,Informatique,Tecnologia informatica,G06G%,,
6,Electrical engineering,Electrotechnique,Electricidad - Electronica,Computer technology,Informatique,Tecnologia informatica,G06J%,,
6,Electrical engineering,Electrotechnique,Electricidad - Electronica,Computer technology,Informatique,Tecnologia informatica,G06K%,,
6,Electrical engineering,Electrotechnique,Electricidad - Electronica,Computer technology,Informatique,Tecnologia informatica,G06M%,,
6,Electrical engineering,Electrotechnique,Electricidad - Electronica,Computer technology,Informatique,Tecnologia informatica,G06N%,,
6,Electrical engineering,Electrotechnique,Electricidad - Electronica,Computer technology,Informatique,Tecnologia informatica,G06T%,,
6,Electrical engineering,Electrotechnique,Electricidad - Electronica,Computer technology,Informatique,Tecnologia informatica,G10L%,,
6,Electrical engineering,Electrotechnique,Electricidad - Electronica,Computer technology,Informatique,Tecnologia informatica,G11C%,,
6,Electrical engineering,Electrotechnique,Electricidad - Electronica,Computer technology,Informatique,Tecnologia informatica,G16B%,10-Jul-19,Newly added
6,Electrical engineering,Electrotechnique,Electricidad - Electronica,Computer technology,Informatique,Tecnologia informatica,G16C%,10-Jul-19,Newly added
6,Electrical engineering,Electrotechnique,Electricidad - Electronica,Computer technology,Informatique,Tecnologia informatica,G16Z%,10-Jul-19,Newly added
7,Electrical engineering,Electrotechnique,Electricidad - Electronica,IT methods for management,Methodes de traitement des donnees a des fins de gestion,Metodos de gestion mediante T.I.,G06Q%,,
8,Electrical engineering,Electrotechnique,Electricidad - Electronica,Semiconductors,Semiconducteurs,Semiconductores,H01L%,,
9,Instruments,Instruments,Instrumentos,Optics,Optique,Optica,G02B%,,
9,Instruments,Instruments,Instrumentos,Optics,Optique,Optica,G02C%,,
9,Instruments,Instruments,Instrumentos,Optics,Optique,Optica,G02F%,,
9,Instruments,Instruments,Instrumentos,Optics,Optique,Optica,G03B%,,
9,Instruments,Instruments,Instrumentos,Optics,Optique,Optica,G03C%,,
9,Instruments,Instruments,Instrumentos,Optics,Optique,Optica,G03D%,,
9,Instruments,Instruments,Instrumentos,Optics,Optique,Optica,G03F%,,
9,Instruments,Instruments,Instrumentos,Optics,Optique,Optica,G03G%,,
9,Instruments,Instruments,Instrumentos,Optics,Optique,Optica,G03H%,,
9,Instruments,Instruments,Instrumentos,Optics,Optique,Optica,H01S%,,
10,Instruments,Instruments,Instrumentos,Measurement,Techniques de mesure,Medida,G01B%,,
10,Instruments,Instruments,Instrumentos,Measurement,Techniques de mesure,Medida,G01C%,,
10,Instruments,Instruments,Instrumentos,Measurement,Techniques de mesure,Medida,G01D%,,
10,Instruments,Instruments,Instrumentos,Measurement,Techniques de mesure,Medida,G01F%,,
10,Instruments,Instruments,Instrumentos,Measurement,Techniques de mesure,Medida,G01G%,,
10,Instruments,Instruments,Instrumentos,Measurement,Techniques de mesure,Medida,G01H%,,
10,Instruments,Instruments,Instrumentos,Measurement,Techniques de mesure,Medida,G01J%,,
10,Instruments,Instruments,Instrumentos,Measurement,Techniques de mesure,Medida,G01K%,,
10,Instruments,Instruments,Instrumentos,Measurement,Techniques de mesure,Medida,G01L%,,
10,Instruments,Instruments,Instrumentos,Measurement,Techniques de mesure,Medida,G01M%,,
10,Instruments,Instruments,Instrumentos,Measurement,Techniques de mesure,Medida,G01N   1%,,
10,Instruments,Instruments,Instrumentos,Measurement,Techniques de mesure,Medida,G01N   3%,,
10,Instruments,Instruments,Instrumentos,Measurement,Techniques de mesure,Medida,G01N   5%,,
10,Instruments,Instruments,Instrumentos,Measurement,Techniques de mesure,Medida,G01N   7%,,
10,Instruments,Instruments,Instrumentos,Measurement,Techniques de mesure,Medida,G01N   9%,,
10,Instruments,Instruments,Instrumentos,Measurement,Techniques de mesure,Medida,G01N  11%,,
10,Instruments,Instruments,Instrumentos,Measurement,Techniques de mesure,Medida,G01N  13%,,
10,Instruments,Instruments,Instrumentos,Measurement,Techniques de mesure,Medida,G01N  15%,,
10,Instruments,Instruments,Instrumentos,Measurement,Techniques de mesure,Medida,G01N  17%,,
10,Instruments,Instruments,Instrumentos,Measurement,Techniques de mesure,Medida,G01N  19%,,
10,Instruments,Instruments,Instrumentos,Measurement,Techniques de mesure,Medida,G01N  21%,,
10,Instruments,Instruments,Instrumentos,Measurement,Techniques de mesure,Medida,G01N  22%,,
10,Instruments,Instruments,Instrumentos,Measurement,Techniques de mesure,Medida,G01N  23%,,
10,Instruments,Instruments,Instrumentos,Measurement,Techniques de mesure,Medida,G01N  24%,,
10,Instruments,Instruments,Instrumentos,Measurement,Techniques de mesure,Medida,G01N  25%,,
10,Instruments,Instruments,Instrumentos,Measurement,Techniques de mesure,Medida,G01N  27%,,
10,Instruments,Instruments,Instrumentos,Measurement,Techniques de mesure,Medida,G01N  29%,,
10,Instruments,Instruments,Instrumentos,Measurement,Techniques de mesure,Medida,G01N  30%,,
10,Instruments,Instruments,Instrumentos,Measurement,Techniques de mesure,Medida,G01N  31%,,
10,Instruments,Instruments,Instrumentos,Measurement,Techniques de mesure,Medida,G01N  35%,,
10,Instruments,Instruments,Instrumentos,Measurement,Techniques de mesure,Medida,G01N  37%,,
10,Instruments,Instruments,Instrumentos,Measurement,Techniques de mesure,Medida,G01P%,,
10,Instruments,Instruments,Instrumentos,Measurement,Techniques de mesure,Medida,G01Q%,,
10,Instruments,Instruments,Instrumentos,Measurement,Techniques de mesure,Medida,G01R%,,
10,Instruments,Instruments,Instrumentos,Measurement,Techniques de mesure,Medida,G01S%,,
10,Instruments,Instruments,Instrumentos,Measurement,Techniques de mesure,Medida,G01V%,,
10,Instruments,Instruments,Instrumentos,Measurement,Techniques de mesure,Medida,G01W%,,
10,Instruments,Instruments,Instrumentos,Measurement,Techniques de mesure,Medida,G04B%,,
10,Instruments,Instruments,Instrumentos,Measurement,Techniques de mesure,Medida,G04C%,,
10,Instruments,Instruments,Instrumentos,Measurement,Techniques de mesure,Medida,G04D%,,
10,Instruments,Instruments,Instrumentos,Measurement,Techniques de mesure,Medida,G04F%,,
10,Instruments,Instruments,Instrumentos,Measurement,Techniques de mesure,Medida,G04G%,,
10,Instruments,Instruments,Instrumentos,Measurement,Techniques de mesure,Medida,G04R%,1-Jan-13,Newly added
10,Instruments,Instruments,Instrumentos,Measurement,Techniques de mesure,Medida,G12B%,,
10,Instruments,Instruments,Instrumentos,Measurement,Techniques de mesure,Medida,G99Z%,,
11,Instruments,Instruments,Instrumentos,Analysis of biological materials,Analyse de materiels biologiques,Analisis de materiales biologicos,G01N  33%,,
12,Instruments,Instruments,Instrumentos,Control,Dispositifs de commande,Control,G05B%,,
12,Instruments,Instruments,Instrumentos,Control,Dispositifs de commande,Control,G05D%,,
12,Instruments,Instruments,Instrumentos,Control,Dispositifs de commande,Control,G05F%,,
12,Instruments,Instruments,Instrumentos,Control,Dispositifs de commande,Control,G07B%,,
12,Instruments,Instruments,Instrumentos,Control,Dispositifs de commande,Control,G07C%,,
12,Instruments,Instruments,Instrumentos,Control,Dispositifs de commande,Control,G07D%,,
12,Instruments,Instruments,Instrumentos,Control,Dispositifs de commande,Control,G07F%,,
12,Instruments,Instruments,Instrumentos,Control,Dispositifs de commande,Control,G07G%,,
12,Instruments,Instruments,Instrumentos,Control,Dispositifs de commande,Control,G08B%,,
12,Instruments,Instruments,Instrumentos,Control,Dispositifs de commande,Control,G08G%,,
12,Instruments,Instruments,Instrumentos,Control,Dispositifs de commande,Control,G09B%,,
12,Instruments,Instruments,Instrumentos,Control,Dispositifs de commande,Control,G09C%,,
12,Instruments,Instruments,Instrumentos,Control,Dispositifs de commande,Control,G09D%,,
13,Instruments,Instruments,Instrumentos,Medical technology,Technologie medicale,Tecnologia medica,A61B%,,
13,Instruments,Instruments,Instrumentos,Medical technology,Technologie medicale,Tecnologia medica,A61C%,,
13,Instruments,Instruments,Instrumentos,Medical technology,Technologie medicale,Tecnologia medica,A61D%,,
13,Instruments,Instruments,Instrumentos,Medical technology,Technologie medicale,Tecnologia medica,A61F%,,
13,Instruments,Instruments,Instrumentos,Medical technology,Technologie medicale,Tecnologia medica,A61G%,,
13,Instruments,Instruments,Instrumentos,Medical technology,Technologie medicale,Tecnologia medica,A61H%,,
13,Instruments,Instruments,Instrumentos,Medical technology,Technologie medicale,Tecnologia medica,A61J%,,
13,Instruments,Instruments,Instrumentos,Medical technology,Technologie medicale,Tecnologia medica,A61L%,,
13,Instruments,Instruments,Instrumentos,Medical technology,Technologie medicale,Tecnologia medica,A61M%,,
13,Instruments,Instruments,Instrumentos,Medical technology,Technologie medicale,Tecnologia medica,A61N%,,
13,Instruments,Instruments,Instrumentos,Medical technology,Technologie medicale,Tecnologia medica,G16H%,31-Jan-18,Newly added
13,Instruments,Instruments,Instrumentos,Medical technology,Technologie medicale,Tecnologia medica,H05G%,,
14,Chemistry,Chimie,Quimica,Organic fine chemistry,Chimie fine organique,Productos organicos elaborados,A61K   8%,,
14,Chemistry,Chimie,Quimica,Organic fine chemistry,Chimie fine organique,Productos organicos elaborados,A61Q%,,
14,Chemistry,Chimie,Quimica,Organic fine chemistry,Chimie fine organique,Productos organicos elaborados,C07B%,,
14,Chemistry,Chimie,Quimica,Organic fine chemistry,Chimie fine organique,Productos organicos elaborados,C07C%,,
14,Chemistry,Chimie,Quimica,Organic fine chemistry,Chimie fine organique,Productos organicos elaborados,C07D%,,
14,Chemistry,Chimie,Quimica,Organic fine chemistry,Chimie fine organique,Productos organicos elaborados,C07F%,,
14,Chemistry,Chimie,Quimica,Organic fine chemistry,Chimie fine organique,Productos organicos elaborados,C07H%,,
14,Chemistry,Chimie,Quimica,Organic fine chemistry,Chimie fine organique,Productos organicos elaborados,C07J%,,
14,Chemistry,Chimie,Quimica,Organic fine chemistry,Chimie fine organique,Productos organicos elaborados,C40B%,,
15,Chemistry,Chimie,Quimica,Biotechnology,Biotechnologie,Biotecnologia,C07G%,,
15,Chemistry,Chimie,Quimica,Biotechnology,Biotechnologie,Biotecnologia,C07K%,,
15,Chemistry,Chimie,Quimica,Biotechnology,Biotechnologie,Biotecnologia,C12M%,,
15,Chemistry,Chimie,Quimica,Biotechnology,Biotechnologie,Biotecnologia,C12N%,,
15,Chemistry,Chimie,Quimica,Biotechnology,Biotechnologie,Biotecnologia,C12P%,,
15,Chemistry,Chimie,Quimica,Biotechnology,Biotechnologie,Biotecnologia,C12Q%,,
15,Chemistry,Chimie,Quimica,Biotechnology,Biotechnologie,Biotecnologia,C12R%,,
15,Chemistry,Chimie,Quimica,Biotechnology,Biotechnologie,Biotecnologia,C12S%,,
16,Chemistry,Chimie,Quimica,Pharmaceuticals,Produits pharmaceutiques,Productos farmaceuticos,A61K   6%,,
16,Chemistry,Chimie,Quimica,Pharmaceuticals,Produits pharmaceutiques,Productos farmaceuticos,A61K   9%,,
16,Chemistry,Chimie,Quimica,Pharmaceuticals,Produits pharmaceutiques,Productos farmaceuticos,A61K  31%,,
16,Chemistry,Chimie,Quimica,Pharmaceuticals,Produits pharmaceutiques,Productos farmaceuticos,A61K  33%,,
16,Chemistry,Chimie,Quimica,Pharmaceuticals,Produits pharmaceutiques,Productos farmaceuticos,A61K  35%,,
16,Chemistry,Chimie,Quimica,Pharmaceuticals,Produits pharmaceutiques,Productos farmaceuticos,A61K  36%,,
16,Chemistry,Chimie,Quimica,Pharmaceuticals,Produits pharmaceutiques,Productos farmaceuticos,A61K  38%,,
16,Chemistry,Chimie,Quimica,Pharmaceuticals,Produits pharmaceutiques,Productos farmaceuticos,A61K  39%,,
16,Chemistry,Chimie,Quimica,Pharmaceuticals,Produits pharmaceutiques,Productos farmaceuticos,A61K  41%,,
16,Chemistry,Chimie,Quimica,Pharmaceuticals,Produits pharmaceutiques,Productos farmaceuticos,A61K  45%,,
16,Chemistry,Chimie,Quimica,Pharmaceuticals,Produits pharmaceutiques,Productos farmaceuticos,A61K  47%,,
16,Chemistry,Chimie,Quimica,Pharmaceuticals,Produits pharmaceutiques,Productos farmaceuticos,A61K  48%,,
16,Chemistry,Chimie,Quimica,Pharmaceuticals,Produits pharmaceutiques,Productos farmaceuticos,A61K  49%,,
16,Chemistry,Chimie,Quimica,Pharmaceuticals,Produits pharmaceutiques,Productos farmaceuticos,A61K  50%,,
16,Chemistry,Chimie,Quimica,Pharmaceuticals,Produits pharmaceutiques,Productos farmaceuticos,A61K  51%,,
16,Chemistry,Chimie,Quimica,Pharmaceuticals,Produits pharmaceutiques,Productos farmaceuticos,A61K 101%,,
16,Chemistry,Chimie,Quimica,Pharmaceuticals,Produits pharmaceutiques,Productos farmaceuticos,A61K 103%,,
16,Chemistry,Chimie,Quimica,Pharmaceuticals,Produits pharmaceutiques,Productos farmaceuticos,A61K 125%,,
16,Chemistry,Chimie,Quimica,Pharmaceuticals,Produits pharmaceutiques,Productos farmaceuticos,A61K 127%,,
16,Chemistry,Chimie,Quimica,Pharmaceuticals,Produits pharmaceutiques,Productos farmaceuticos,A61K 129%,,
16,Chemistry,Chimie,Quimica,Pharmaceuticals,Produits pharmaceutiques,Productos farmaceuticos,A61K 131%,,
16,Chemistry,Chimie,Quimica,Pharmaceuticals,Produits pharmaceutiques,Productos farmaceuticos,A61K 133%,,
16,Chemistry,Chimie,Quimica,Pharmaceuticals,Produits pharmaceutiques,Productos farmaceuticos,A61K 135%,,
16,Chemistry,Chimie,Quimica,Pharmaceuticals,Produits pharmaceutiques,Productos farmaceuticos,A61P%,,
17,Chemistry,Chimie,Quimica,"Macromolecular chemistry, polymers","Chimie macromoleculaire, polymeres","Quimica macromolecular, polimeros",C08B%,,
17,Chemistry,Chimie,Quimica,"Macromolecular chemistry, polymers","Chimie macromoleculaire, polymeres","Quimica macromolecular, polimeros",C08C%,,
17,Chemistry,Chimie,Quimica,"Macromolecular chemistry, polymers","Chimie macromoleculaire, polymeres","Quimica macromolecular, polimeros",C08F%,,
17,Chemistry,Chimie,Quimica,"Macromolecular chemistry, polymers","Chimie macromoleculaire, polymeres","Quimica macromolecular, polimeros",C08G%,,
17,Chemistry,Chimie,Quimica,"Macromolecular chemistry, polymers","Chimie macromoleculaire, polymeres","Quimica macromolecular, polimeros",C08H%,,
17,Chemistry,Chimie,Quimica,"Macromolecular chemistry, polymers","Chimie macromoleculaire, polymeres","Quimica macromolecular, polimeros",C08K%,,
17,Chemistry,Chimie,Quimica,"Macromolecular chemistry, polymers","Chimie macromoleculaire, polymeres","Quimica macromolecular, polimeros",C08L%,,
18,Chemistry,Chimie,Quimica,Food chemistry,Chimie alimentaire,Quimica de alimentos,A01H%,,
18,Chemistry,Chimie,Quimica,Food chemistry,Chimie alimentaire,Quimica de alimentos,A21D%,,
18,Chemistry,Chimie,Quimica,Food chemistry,Chimie alimentaire,Quimica de alimentos,A23B%,,
18,Chemistry,Chimie,Quimica,Food chemistry,Chimie alimentaire,Quimica de alimentos,A23C%,,
18,Chemistry,Chimie,Quimica,Food chemistry,Chimie alimentaire,Quimica de alimentos,A23D%,,
18,Chemistry,Chimie,Quimica,Food chemistry,Chimie alimentaire,Quimica de alimentos,A23F%,,
18,Chemistry,Chimie,Quimica,Food chemistry,Chimie alimentaire,Quimica de alimentos,A23G%,,
18,Chemistry,Chimie,Quimica,Food chemistry,Chimie alimentaire,Quimica de alimentos,A23J%,,
18,Chemistry,Chimie,Quimica,Food chemistry,Chimie alimentaire,Quimica de alimentos,A23K%,,
18,Chemistry,Chimie,Quimica,Food chemistry,Chimie alimentaire,Quimica de alimentos,A23L%,,
18,Chemistry,Chimie,Quimica,Food chemistry,Chimie alimentaire,Quimica de alimentos,C12C%,,
18,Chemistry,Chimie,Quimica,Food chemistry,Chimie alimentaire,Quimica de alimentos,C12F%,,
18,Chemistry,Chimie,Quimica,Food chemistry,Chimie alimentaire,Quimica de alimentos,C12G%,,
18,Chemistry,Chimie,Quimica,Food chemistry,Chimie alimentaire,Quimica de alimentos,C12H%,,
18,Chemistry,Chimie,Quimica,Food chemistry,Chimie alimentaire,Quimica de alimentos,C12J%,,
18,Chemistry,Chimie,Quimica,Food chemistry,Chimie alimentaire,Quimica de alimentos,C13B  10%,15-Aug-11,Newly added
18,Chemistry,Chimie,Quimica,Food chemistry,Chimie alimentaire,Quimica de alimentos,C13B  20%,15-Aug-11,Newly added
18,Chemistry,Chimie,Quimica,Food chemistry,Chimie alimentaire,Quimica de alimentos,C13B  30%,15-Aug-11,Newly added
18,Chemistry,Chimie,Quimica,Food chemistry,Chimie alimentaire,Quimica de alimentos,C13B  35%,15-Aug-11,Newly added
18,Chemistry,Chimie,Quimica,Food chemistry,Chimie alimentaire,Quimica de alimentos,C13B  40%,15-Aug-11,Newly added
18,Chemistry,Chimie,Quimica,Food chemistry,Chimie alimentaire,Quimica de alimentos,C13B  50%,15-Aug-11,Newly added
18,Chemistry,Chimie,Quimica,Food chemistry,Chimie alimentaire,Quimica de alimentos,C13B  99%,15-Aug-11,Newly added
18,Chemistry,Chimie,Quimica,Food chemistry,Chimie alimentaire,Quimica de alimentos,C13D%,,
18,Chemistry,Chimie,Quimica,Food chemistry,Chimie alimentaire,Quimica de alimentos,C13F%,,
18,Chemistry,Chimie,Quimica,Food chemistry,Chimie alimentaire,Quimica de alimentos,C13J%,,
18,Chemistry,Chimie,Quimica,Food chemistry,Chimie alimentaire,Quimica de alimentos,C13K%,,
19,Chemistry,Chimie,Quimica,Basic materials chemistry,Chimie de base,Quimica de materiales,A01N%,,
19,Chemistry,Chimie,Quimica,Basic materials chemistry,Chimie de base,Quimica de materiales,A01P%,,
19,Chemistry,Chimie,Quimica,Basic materials chemistry,Chimie de base,Quimica de materiales,C05B%,,
19,Chemistry,Chimie,Quimica,Basic materials chemistry,Chimie de base,Quimica de materiales,C05C%,,
19,Chemistry,Chimie,Quimica,Basic materials chemistry,Chimie de base,Quimica de materiales,C05D%,,
19,Chemistry,Chimie,Quimica,Basic materials chemistry,Chimie de base,Quimica de materiales,C05F%,,
19,Chemistry,Chimie,Quimica,Basic materials chemistry,Chimie de base,Quimica de materiales,C05G%,,
19,Chemistry,Chimie,Quimica,Basic materials chemistry,Chimie de base,Quimica de materiales,C06B%,,
19,Chemistry,Chimie,Quimica,Basic materials chemistry,Chimie de base,Quimica de materiales,C06C%,,
19,Chemistry,Chimie,Quimica,Basic materials chemistry,Chimie de base,Quimica de materiales,C06D%,,
19,Chemistry,Chimie,Quimica,Basic materials chemistry,Chimie de base,Quimica de materiales,C06F%,,
19,Chemistry,Chimie,Quimica,Basic materials chemistry,Chimie de base,Quimica de materiales,C09B%,,
19,Chemistry,Chimie,Quimica,Basic materials chemistry,Chimie de base,Quimica de materiales,C09C%,,
19,Chemistry,Chimie,Quimica,Basic materials chemistry,Chimie de base,Quimica de materiales,C09D%,,
19,Chemistry,Chimie,Quimica,Basic materials chemistry,Chimie de base,Quimica de materiales,C09F%,,
19,Chemistry,Chimie,Quimica,Basic materials chemistry,Chimie de base,Quimica de materiales,C09G%,,
19,Chemistry,Chimie,Quimica,Basic materials chemistry,Chimie de base,Quimica de materiales,C09H%,,
19,Chemistry,Chimie,Quimica,Basic materials chemistry,Chimie de base,Quimica de materiales,C09J%,,
19,Chemistry,Chimie,Quimica,Basic materials chemistry,Chimie de base,Quimica de materiales,C09K%,,
19,Chemistry,Chimie,Quimica,Basic materials chemistry,Chimie de base,Quimica de materiales,C10B%,,
19,Chemistry,Chimie,Quimica,Basic materials chemistry,Chimie de base,Quimica de materiales,C10C%,,
19,Chemistry,Chimie,Quimica,Basic materials chemistry,Chimie de base,Quimica de materiales,C10F%,,
19,Chemistry,Chimie,Quimica,Basic materials chemistry,Chimie de base,Quimica de materiales,C10G%,,
19,Chemistry,Chimie,Quimica,Basic materials chemistry,Chimie de base,Quimica de materiales,C10H%,,
19,Chemistry,Chimie,Quimica,Basic materials chemistry,Chimie de base,Quimica de materiales,C10J%,,
19,Chemistry,Chimie,Quimica,Basic materials chemistry,Chimie de base,Quimica de materiales,C10K%,,
19,Chemistry,Chimie,Quimica,Basic materials chemistry,Chimie de base,Quimica de materiales,C10L%,,
19,Chemistry,Chimie,Quimica,Basic materials chemistry,Chimie de base,Quimica de materiales,C10M%,,
19,Chemistry,Chimie,Quimica,Basic materials chemistry,Chimie de base,Quimica de materiales,C10N%,,
19,Chemistry,Chimie,Quimica,Basic materials chemistry,Chimie de base,Quimica de materiales,C11B%,,
19,Chemistry,Chimie,Quimica,Basic materials chemistry,Chimie de base,Quimica de materiales,C11C%,,
19,Chemistry,Chimie,Quimica,Basic materials chemistry,Chimie de base,Quimica de materiales,C11D%,,
19,Chemistry,Chimie,Quimica,Basic materials chemistry,Chimie de base,Quimica de materiales,C99Z%,,
20,Chemistry,Chimie,Quimica,"Materials, metallurgy","Materiaux, metallurgie","Materiales, metalurgia",B22C%,,
20,Chemistry,Chimie,Quimica,"Materials, metallurgy","Materiaux, metallurgie","Materiales, metalurgia",B22D%,,
20,Chemistry,Chimie,Quimica,"Materials, metallurgy","Materiaux, metallurgie","Materiales, metalurgia",B22F%,,
20,Chemistry,Chimie,Quimica,"Materials, metallurgy","Materiaux, metallurgie","Materiales, metalurgia",C01B%,,
20,Chemistry,Chimie,Quimica,"Materials, metallurgy","Materiaux, metallurgie","Materiales, metalurgia",C01C%,,
20,Chemistry,Chimie,Quimica,"Materials, metallurgy","Materiaux, metallurgie","Materiales, metalurgia",C01D%,,
20,Chemistry,Chimie,Quimica,"Materials, metallurgy","Materiaux, metallurgie","Materiales, metalurgia",C01F%,,
20,Chemistry,Chimie,Quimica,"Materials, metallurgy","Materiaux, metallurgie","Materiales, metalurgia",C01G%,,
20,Chemistry,Chimie,Quimica,"Materials, metallurgy","Materiaux, metallurgie","Materiales, metalurgia",C03C%,,
20,Chemistry,Chimie,Quimica,"Materials, metallurgy","Materiaux, metallurgie","Materiales, metalurgia",C04B%,,
20,Chemistry,Chimie,Quimica,"Materials, metallurgy","Materiaux, metallurgie","Materiales, metalurgia",C21B%,,
20,Chemistry,Chimie,Quimica,"Materials, metallurgy","Materiaux, metallurgie","Materiales, metalurgia",C21C%,,
20,Chemistry,Chimie,Quimica,"Materials, metallurgy","Materiaux, metallurgie","Materiales, metalurgia",C21D%,,
20,Chemistry,Chimie,Quimica,"Materials, metallurgy","Materiaux, metallurgie","Materiales, metalurgia",C22B%,,
20,Chemistry,Chimie,Quimica,"Materials, metallurgy","Materiaux, metallurgie","Materiales, metalurgia",C22C%,,
20,Chemistry,Chimie,Quimica,"Materials, metallurgy","Materiaux, metallurgie","Materiales, metalurgia",C22F%,,
21,Chemistry,Chimie,Quimica,"Surface technology, coating","Technique de surface, revetement","Tecnologia de superficie, revestimientos",B05C%,,
21,Chemistry,Chimie,Quimica,"Surface technology, coating","Technique de surface, revetement","Tecnologia de superficie, revestimientos",B05D%,,
21,Chemistry,Chimie,Quimica,"Surface technology, coating","Technique de surface, revetement","Tecnologia de superficie, revestimientos",B32B%,,
21,Chemistry,Chimie,Quimica,"Surface technology, coating","Technique de surface, revetement","Tecnologia de superficie, revestimientos",C23C%,,
21,Chemistry,Chimie,Quimica,"Surface technology, coating","Technique de surface, revetement","Tecnologia de superficie, revestimientos",C23D%,,
21,Chemistry,Chimie,Quimica,"Surface technology, coating","Technique de surface, revetement","Tecnologia de superficie, revestimientos",C23F%,,
21,Chemistry,Chimie,Quimica,"Surface technology, coating","Technique de surface, revetement","Tecnologia de superficie, revestimientos",C23G%,,
21,Chemistry,Chimie,Quimica,"Surface technology, coating","Technique de surface, revetement","Tecnologia de superficie, revestimientos",C25B%,,
21,Chemistry,Chimie,Quimica,"Surface technology, coating","Technique de surface, revetement","Tecnologia de superficie, revestimientos",C25C%,,
21,Chemistry,Chimie,Quimica,"Surface technology, coating","Technique de surface, revetement","Tecnologia de superficie, revestimientos",C25D%,,
21,Chemistry,Chimie,Quimica,"Surface technology, coating","Technique de surface, revetement","Tecnologia de superficie, revestimientos",C25F%,,
21,Chemistry,Chimie,Quimica,"Surface technology, coating","Technique de surface, revetement","Tecnologia de superficie, revestimientos",C30B%,,
22,Chemistry,Chimie,Quimica,Micro-structural and nano-technology,"Technologie des microstructures, nanotechnologie",Tecnologia de las microestructuras nanotecnologia,B81B%,,
22,Chemistry,Chimie,Quimica,Micro-structural and nano-technology,"Technologie des microstructures, nanotechnologie",Tecnologia de las microestructuras nanotecnologia,B81C%,,
22,Chemistry,Chimie,Quimica,Micro-structural and nano-technology,"Technologie des microstructures, nanotechnologie",Tecnologia de las microestructuras nanotecnologia,B82B%,,
22,Chemistry,Chimie,Quimica,Micro-structural and nano-technology,"Technologie des microstructures, nanotechnologie",Tecnologia de las microestructuras nanotecnologia,B82Y%,15-Aug-11,Newly added
23,Chemistry,Chimie,Quimica,Chemical engineering,Genie chimique,Ingenieria quimica,B01B%,,
23,Chemistry,Chimie,Quimica,Chemical engineering,Genie chimique,Ingenieria quimica,B01D   1%,,
23,Chemistry,Chimie,Quimica,Chemical engineering,Genie chimique,Ingenieria quimica,B01D   3%,,
23,Chemistry,Chimie,Quimica,Chemical engineering,Genie chimique,Ingenieria quimica,B01D   5%,,
23,Chemistry,Chimie,Quimica,Chemical engineering,Genie chimique,Ingenieria quimica,B01D   7%,,
23,Chemistry,Chimie,Quimica,Chemical engineering,Genie chimique,Ingenieria quimica,B01D   8%,,
23,Chemistry,Chimie,Quimica,Chemical engineering,Genie chimique,Ingenieria quimica,B01D   9%,,
23,Chemistry,Chimie,Quimica,Chemical engineering,Genie chimique,Ingenieria quimica,B01D  11%,,
23,Chemistry,Chimie,Quimica,Chemical engineering,Genie chimique,Ingenieria quimica,B01D  12%,,
23,Chemistry,Chimie,Quimica,Chemical engineering,Genie chimique,Ingenieria quimica,B01D  15%,,
23,Chemistry,Chimie,Quimica,Chemical engineering,Genie chimique,Ingenieria quimica,B01D  17%,,
23,Chemistry,Chimie,Quimica,Chemical engineering,Genie chimique,Ingenieria quimica,B01D  19%,,
23,Chemistry,Chimie,Quimica,Chemical engineering,Genie chimique,Ingenieria quimica,B01D  21%,,
23,Chemistry,Chimie,Quimica,Chemical engineering,Genie chimique,Ingenieria quimica,B01D  24%,,
23,Chemistry,Chimie,Quimica,Chemical engineering,Genie chimique,Ingenieria quimica,B01D  25%,,
23,Chemistry,Chimie,Quimica,Chemical engineering,Genie chimique,Ingenieria quimica,B01D  27%,,
23,Chemistry,Chimie,Quimica,Chemical engineering,Genie chimique,Ingenieria quimica,B01D  29%,,
23,Chemistry,Chimie,Quimica,Chemical engineering,Genie chimique,Ingenieria quimica,B01D  33%,,
23,Chemistry,Chimie,Quimica,Chemical engineering,Genie chimique,Ingenieria quimica,B01D  35%,,
23,Chemistry,Chimie,Quimica,Chemical engineering,Genie chimique,Ingenieria quimica,B01D  36%,,
23,Chemistry,Chimie,Quimica,Chemical engineering,Genie chimique,Ingenieria quimica,B01D  37%,,
23,Chemistry,Chimie,Quimica,Chemical engineering,Genie chimique,Ingenieria quimica,B01D  39%,,
23,Chemistry,Chimie,Quimica,Chemical engineering,Genie chimique,Ingenieria quimica,B01D  41%,,
23,Chemistry,Chimie,Quimica,Chemical engineering,Genie chimique,Ingenieria quimica,B01D  43%,,
23,Chemistry,Chimie,Quimica,Chemical engineering,Genie chimique,Ingenieria quimica,B01D  57%,,
23,Chemistry,Chimie,Quimica,Chemical engineering,Genie chimique,Ingenieria quimica,B01D  59%,,
23,Chemistry,Chimie,Quimica,Chemical engineering,Genie chimique,Ingenieria quimica,B01D  61%,,
23,Chemistry,Chimie,Quimica,Chemical engineering,Genie chimique,Ingenieria quimica,B01D  63%,,
23,Chemistry,Chimie,Quimica,Chemical engineering,Genie chimique,Ingenieria quimica,B01D  65%,,
23,Chemistry,Chimie,Quimica,Chemical engineering,Genie chimique,Ingenieria quimica,B01D  67%,,
23,Chemistry,Chimie,Quimica,Chemical engineering,Genie chimique,Ingenieria quimica,B01D  69%,,
23,Chemistry,Chimie,Quimica,Chemical engineering,Genie chimique,Ingenieria quimica,B01D  71%,,
23,Chemistry,Chimie,Quimica,Chemical engineering,Genie chimique,Ingenieria quimica,B01F%,,
23,Chemistry,Chimie,Quimica,Chemical engineering,Genie chimique,Ingenieria quimica,B01J%,,
23,Chemistry,Chimie,Quimica,Chemical engineering,Genie chimique,Ingenieria quimica,B01L%,,
23,Chemistry,Chimie,Quimica,Chemical engineering,Genie chimique,Ingenieria quimica,B02C%,,
23,Chemistry,Chimie,Quimica,Chemical engineering,Genie chimique,Ingenieria quimica,B03B%,,
23,Chemistry,Chimie,Quimica,Chemical engineering,Genie chimique,Ingenieria quimica,B03C%,,
23,Chemistry,Chimie,Quimica,Chemical engineering,Genie chimique,Ingenieria quimica,B03D%,,
23,Chemistry,Chimie,Quimica,Chemical engineering,Genie chimique,Ingenieria quimica,B04B%,,
23,Chemistry,Chimie,Quimica,Chemical engineering,Genie chimique,Ingenieria quimica,B04C%,,
23,Chemistry,Chimie,Quimica,Chemical engineering,Genie chimique,Ingenieria quimica,B05B%,,
23,Chemistry,Chimie,Quimica,Chemical engineering,Genie chimique,Ingenieria quimica,B06B%,,
23,Chemistry,Chimie,Quimica,Chemical engineering,Genie chimique,Ingenieria quimica,B07B%,,
23,Chemistry,Chimie,Quimica,Chemical engineering,Genie chimique,Ingenieria quimica,B07C%,,
23,Chemistry,Chimie,Quimica,Chemical engineering,Genie chimique,Ingenieria quimica,B08B%,,
23,Chemistry,Chimie,Quimica,Chemical engineering,Genie chimique,Ingenieria quimica,C14C%,,
23,Chemistry,Chimie,Quimica,Chemical engineering,Genie chimique,Ingenieria quimica,D06B%,,
23,Chemistry,Chimie,Quimica,Chemical engineering,Genie chimique,Ingenieria quimica,D06C%,,
23,Chemistry,Chimie,Quimica,Chemical engineering,Genie chimique,Ingenieria quimica,D06L%,,
23,Chemistry,Chimie,Quimica,Chemical engineering,Genie chimique,Ingenieria quimica,F25J%,,
23,Chemistry,Chimie,Quimica,Chemical engineering,Genie chimique,Ingenieria quimica,F26B%,,
23,Chemistry,Chimie,Quimica,Chemical engineering,Genie chimique,Ingenieria quimica,H05H%,,
24,Chemistry,Chimie,Quimica,Environmental technology,Ecotechnologie,Tecnologia medioambiental,A62C%,,
24,Chemistry,Chimie,Quimica,Environmental technology,Ecotechnologie,Tecnologia medioambiental,B01D  45%,,
24,Chemistry,Chimie,Quimica,Environmental technology,Ecotechnologie,Tecnologia medioambiental,B01D  46%,,
24,Chemistry,Chimie,Quimica,Environmental technology,Ecotechnologie,Tecnologia medioambiental,B01D  47%,,
24,Chemistry,Chimie,Quimica,Environmental technology,Ecotechnologie,Tecnologia medioambiental,B01D  49%,,
24,Chemistry,Chimie,Quimica,Environmental technology,Ecotechnologie,Tecnologia medioambiental,B01D  50%,,
24,Chemistry,Chimie,Quimica,Environmental technology,Ecotechnologie,Tecnologia medioambiental,B01D  51%,,
24,Chemistry,Chimie,Quimica,Environmental technology,Ecotechnologie,Tecnologia medioambiental,B01D  52%,,
24,Chemistry,Chimie,Quimica,Environmental technology,Ecotechnologie,Tecnologia medioambiental,B01D  53%,,
24,Chemistry,Chimie,Quimica,Environmental technology,Ecotechnologie,Tecnologia medioambiental,B09B%,,
24,Chemistry,Chimie,Quimica,Environmental technology,Ecotechnologie,Tecnologia medioambiental,B09C%,,
24,Chemistry,Chimie,Quimica,Environmental technology,Ecotechnologie,Tecnologia medioambiental,B65F%,,
24,Chemistry,Chimie,Quimica,Environmental technology,Ecotechnologie,Tecnologia medioambiental,C02F%,,
24,Chemistry,Chimie,Quimica,Environmental technology,Ecotechnologie,Tecnologia medioambiental,E01F   8%,,
24,Chemistry,Chimie,Quimica,Environmental technology,Ecotechnologie,Tecnologia medioambiental,F01N%,,
24,Chemistry,Chimie,Quimica,Environmental technology,Ecotechnologie,Tecnologia medioambiental,F23G%,,
24,Chemistry,Chimie,Quimica,Environmental technology,Ecotechnologie,Tecnologia medioambiental,F23J%,,
24,Chemistry,Chimie,Quimica,Environmental technology,Ecotechnologie,Tecnologia medioambiental,G01T%,,
25,Mechanical engineering,Mecanique,Ingenieria  mecanica,Handling,Manutention,Manejo,B25J%,,
25,Mechanical engineering,Mecanique,Ingenieria  mecanica,Handling,Manutention,Manejo,B65B%,,
25,Mechanical engineering,Mecanique,Ingenieria  mecanica,Handling,Manutention,Manejo,B65C%,,
25,Mechanical engineering,Mecanique,Ingenieria  mecanica,Handling,Manutention,Manejo,B65D%,,
25,Mechanical engineering,Mecanique,Ingenieria  mecanica,Handling,Manutention,Manejo,B65G%,,
25,Mechanical engineering,Mecanique,Ingenieria  mecanica,Handling,Manutention,Manejo,B65H%,,
25,Mechanical engineering,Mecanique,Ingenieria  mecanica,Handling,Manutention,Manejo,B66B%,,
25,Mechanical engineering,Mecanique,Ingenieria  mecanica,Handling,Manutention,Manejo,B66C%,,
25,Mechanical engineering,Mecanique,Ingenieria  mecanica,Handling,Manutention,Manejo,B66D%,,
25,Mechanical engineering,Mecanique,Ingenieria  mecanica,Handling,Manutention,Manejo,B66F%,,
25,Mechanical engineering,Mecanique,Ingenieria  mecanica,Handling,Manutention,Manejo,B67B%,,
25,Mechanical engineering,Mecanique,Ingenieria  mecanica,Handling,Manutention,Manejo,B67C%,,
25,Mechanical engineering,Mecanique,Ingenieria  mecanica,Handling,Manutention,Manejo,B67D%,,
26,Mechanical engineering,Mecanique,Ingenieria  mecanica,Machine tools,Machines-outils,Maquinas herramienta,A62D%,,
26,Mechanical engineering,Mecanique,Ingenieria  mecanica,Machine tools,Machines-outils,Maquinas herramienta,B21B%,,
26,Mechanical engineering,Mecanique,Ingenieria  mecanica,Machine tools,Machines-outils,Maquinas herramienta,B21C%,,
26,Mechanical engineering,Mecanique,Ingenieria  mecanica,Machine tools,Machines-outils,Maquinas herramienta,B21D%,,
26,Mechanical engineering,Mecanique,Ingenieria  mecanica,Machine tools,Machines-outils,Maquinas herramienta,B21F%,,
26,Mechanical engineering,Mecanique,Ingenieria  mecanica,Machine tools,Machines-outils,Maquinas herramienta,B21G%,,
26,Mechanical engineering,Mecanique,Ingenieria  mecanica,Machine tools,Machines-outils,Maquinas herramienta,B21H%,,
26,Mechanical engineering,Mecanique,Ingenieria  mecanica,Machine tools,Machines-outils,Maquinas herramienta,B21J%,,
26,Mechanical engineering,Mecanique,Ingenieria  mecanica,Machine tools,Machines-outils,Maquinas herramienta,B21K%,,
26,Mechanical engineering,Mecanique,Ingenieria  mecanica,Machine tools,Machines-outils,Maquinas herramienta,B21L%,,
26,Mechanical engineering,Mecanique,Ingenieria  mecanica,Machine tools,Machines-outils,Maquinas herramienta,B23B%,,
26,Mechanical engineering,Mecanique,Ingenieria  mecanica,Machine tools,Machines-outils,Maquinas herramienta,B23C%,,
26,Mechanical engineering,Mecanique,Ingenieria  mecanica,Machine tools,Machines-outils,Maquinas herramienta,B23D%,,
26,Mechanical engineering,Mecanique,Ingenieria  mecanica,Machine tools,Machines-outils,Maquinas herramienta,B23F%,,
26,Mechanical engineering,Mecanique,Ingenieria  mecanica,Machine tools,Machines-outils,Maquinas herramienta,B23G%,,
26,Mechanical engineering,Mecanique,Ingenieria  mecanica,Machine tools,Machines-outils,Maquinas herramienta,B23H%,,
26,Mechanical engineering,Mecanique,Ingenieria  mecanica,Machine tools,Machines-outils,Maquinas herramienta,B23K%,,
26,Mechanical engineering,Mecanique,Ingenieria  mecanica,Machine tools,Machines-outils,Maquinas herramienta,B23P%,,
26,Mechanical engineering,Mecanique,Ingenieria  mecanica,Machine tools,Machines-outils,Maquinas herramienta,B23Q%,,
26,Mechanical engineering,Mecanique,Ingenieria  mecanica,Machine tools,Machines-outils,Maquinas herramienta,B24B%,,
26,Mechanical engineering,Mecanique,Ingenieria  mecanica,Machine tools,Machines-outils,Maquinas herramienta,B24C%,,
26,Mechanical engineering,Mecanique,Ingenieria  mecanica,Machine tools,Machines-outils,Maquinas herramienta,B24D%,,
26,Mechanical engineering,Mecanique,Ingenieria  mecanica,Machine tools,Machines-outils,Maquinas herramienta,B25B%,,
26,Mechanical engineering,Mecanique,Ingenieria  mecanica,Machine tools,Machines-outils,Maquinas herramienta,B25C%,,
26,Mechanical engineering,Mecanique,Ingenieria  mecanica,Machine tools,Machines-outils,Maquinas herramienta,B25D%,,
26,Mechanical engineering,Mecanique,Ingenieria  mecanica,Machine tools,Machines-outils,Maquinas herramienta,B25F%,,
26,Mechanical engineering,Mecanique,Ingenieria  mecanica,Machine tools,Machines-outils,Maquinas herramienta,B25G%,,
26,Mechanical engineering,Mecanique,Ingenieria  mecanica,Machine tools,Machines-outils,Maquinas herramienta,B25H%,,
26,Mechanical engineering,Mecanique,Ingenieria  mecanica,Machine tools,Machines-outils,Maquinas herramienta,B26B%,,
26,Mechanical engineering,Mecanique,Ingenieria  mecanica,Machine tools,Machines-outils,Maquinas herramienta,B26D%,,
26,Mechanical engineering,Mecanique,Ingenieria  mecanica,Machine tools,Machines-outils,Maquinas herramienta,B26F%,,
26,Mechanical engineering,Mecanique,Ingenieria  mecanica,Machine tools,Machines-outils,Maquinas herramienta,B27B%,,
26,Mechanical engineering,Mecanique,Ingenieria  mecanica,Machine tools,Machines-outils,Maquinas herramienta,B27C%,,
26,Mechanical engineering,Mecanique,Ingenieria  mecanica,Machine tools,Machines-outils,Maquinas herramienta,B27D%,,
26,Mechanical engineering,Mecanique,Ingenieria  mecanica,Machine tools,Machines-outils,Maquinas herramienta,B27F%,,
26,Mechanical engineering,Mecanique,Ingenieria  mecanica,Machine tools,Machines-outils,Maquinas herramienta,B27G%,,
26,Mechanical engineering,Mecanique,Ingenieria  mecanica,Machine tools,Machines-outils,Maquinas herramienta,B27H%,,
26,Mechanical engineering,Mecanique,Ingenieria  mecanica,Machine tools,Machines-outils,Maquinas herramienta,B27J%,,
26,Mechanical engineering,Mecanique,Ingenieria  mecanica,Machine tools,Machines-outils,Maquinas herramienta,B27K%,,
26,Mechanical engineering,Mecanique,Ingenieria  mecanica,Machine tools,Machines-outils,Maquinas herramienta,B27L%,,
26,Mechanical engineering,Mecanique,Ingenieria  mecanica,Machine tools,Machines-outils,Maquinas herramienta,B27M%,,
26,Mechanical engineering,Mecanique,Ingenieria  mecanica,Machine tools,Machines-outils,Maquinas herramienta,B27N%,,
26,Mechanical engineering,Mecanique,Ingenieria  mecanica,Machine tools,Machines-outils,Maquinas herramienta,B30B%,,
27,Mechanical engineering,Mecanique,Ingenieria  mecanica,"Engines, pumps, turbines","Moteurs, pompes, turbines","Motores, bombas, turbinas",F01B%,,
27,Mechanical engineering,Mecanique,Ingenieria  mecanica,"Engines, pumps, turbines","Moteurs, pompes, turbines","Motores, bombas, turbinas",F01C%,,
27,Mechanical engineering,Mecanique,Ingenieria  mecanica,"Engines, pumps, turbines","Moteurs, pompes, turbines","Motores, bombas, turbinas",F01D%,,
27,Mechanical engineering,Mecanique,Ingenieria  mecanica,"Engines, pumps, turbines","Moteurs, pompes, turbines","Motores, bombas, turbinas",F01K%,,
27,Mechanical engineering,Mecanique,Ingenieria  mecanica,"Engines, pumps, turbines","Moteurs, pompes, turbines","Motores, bombas, turbinas",F01L%,,
27,Mechanical engineering,Mecanique,Ingenieria  mecanica,"Engines, pumps, turbines","Moteurs, pompes, turbines","Motores, bombas, turbinas",F01M%,,
27,Mechanical engineering,Mecanique,Ingenieria  mecanica,"Engines, pumps, turbines","Moteurs, pompes, turbines","Motores, bombas, turbinas",F01P%,,
27,Mechanical engineering,Mecanique,Ingenieria  mecanica,"Engines, pumps, turbines","Moteurs, pompes, turbines","Motores, bombas, turbinas",F02B%,,
27,Mechanical engineering,Mecanique,Ingenieria  mecanica,"Engines, pumps, turbines","Moteurs, pompes, turbines","Motores, bombas, turbinas",F02C%,,
27,Mechanical engineering,Mecanique,Ingenieria  mecanica,"Engines, pumps, turbines","Moteurs, pompes, turbines","Motores, bombas, turbinas",F02D%,,
27,Mechanical engineering,Mecanique,Ingenieria  mecanica,"Engines, pumps, turbines","Moteurs, pompes, turbines","Motores, bombas, turbinas",F02F%,,
27,Mechanical engineering,Mecanique,Ingenieria  mecanica,"Engines, pumps, turbines","Moteurs, pompes, turbines","Motores, bombas, turbinas",F02G%,,
27,Mechanical engineering,Mecanique,Ingenieria  mecanica,"Engines, pumps, turbines","Moteurs, pompes, turbines","Motores, bombas, turbinas",F02K%,,
27,Mechanical engineering,Mecanique,Ingenieria  mecanica,"Engines, pumps, turbines","Moteurs, pompes, turbines","Motores, bombas, turbinas",F02M%,,
27,Mechanical engineering,Mecanique,Ingenieria  mecanica,"Engines, pumps, turbines","Moteurs, pompes, turbines","Motores, bombas, turbinas",F02N%,,
27,Mechanical engineering,Mecanique,Ingenieria  mecanica,"Engines, pumps, turbines","Moteurs, pompes, turbines","Motores, bombas, turbinas",F02P%,,
27,Mechanical engineering,Mecanique,Ingenieria  mecanica,"Engines, pumps, turbines","Moteurs, pompes, turbines","Motores, bombas, turbinas",F03B%,,
27,Mechanical engineering,Mecanique,Ingenieria  mecanica,"Engines, pumps, turbines","Moteurs, pompes, turbines","Motores, bombas, turbinas",F03C%,,
27,Mechanical engineering,Mecanique,Ingenieria  mecanica,"Engines, pumps, turbines","Moteurs, pompes, turbines","Motores, bombas, turbinas",F03D%,,
27,Mechanical engineering,Mecanique,Ingenieria  mecanica,"Engines, pumps, turbines","Moteurs, pompes, turbines","Motores, bombas, turbinas",F03G%,,
27,Mechanical engineering,Mecanique,Ingenieria  mecanica,"Engines, pumps, turbines","Moteurs, pompes, turbines","Motores, bombas, turbinas",F03H%,,
27,Mechanical engineering,Mecanique,Ingenieria  mecanica,"Engines, pumps, turbines","Moteurs, pompes, turbines","Motores, bombas, turbinas",F04B%,,
27,Mechanical engineering,Mecanique,Ingenieria  mecanica,"Engines, pumps, turbines","Moteurs, pompes, turbines","Motores, bombas, turbinas",F04C%,,
27,Mechanical engineering,Mecanique,Ingenieria  mecanica,"Engines, pumps, turbines","Moteurs, pompes, turbines","Motores, bombas, turbinas",F04D%,,
27,Mechanical engineering,Mecanique,Ingenieria  mecanica,"Engines, pumps, turbines","Moteurs, pompes, turbines","Motores, bombas, turbinas",F04F%,,
27,Mechanical engineering,Mecanique,Ingenieria  mecanica,"Engines, pumps, turbines","Moteurs, pompes, turbines","Motores, bombas, turbinas",F23R%,,
27,Mechanical engineering,Mecanique,Ingenieria  mecanica,"Engines, pumps, turbines","Moteurs, pompes, turbines","Motores, bombas, turbinas",F99Z%,,
27,Mechanical engineering,Mecanique,Ingenieria  mecanica,"Engines, pumps, turbines","Moteurs, pompes, turbines","Motores, bombas, turbinas",G21B%,,
27,Mechanical engineering,Mecanique,Ingenieria  mecanica,"Engines, pumps, turbines","Moteurs, pompes, turbines","Motores, bombas, turbinas",G21C%,,
27,Mechanical engineering,Mecanique,Ingenieria  mecanica,"Engines, pumps, turbines","Moteurs, pompes, turbines","Motores, bombas, turbinas",G21D%,,
27,Mechanical engineering,Mecanique,Ingenieria  mecanica,"Engines, pumps, turbines","Moteurs, pompes, turbines","Motores, bombas, turbinas",G21F%,,
27,Mechanical engineering,Mecanique,Ingenieria  mecanica,"Engines, pumps, turbines","Moteurs, pompes, turbines","Motores, bombas, turbinas",G21G%,,
27,Mechanical engineering,Mecanique,Ingenieria  mecanica,"Engines, pumps, turbines","Moteurs, pompes, turbines","Motores, bombas, turbinas",G21H%,,
27,Mechanical engineering,Mecanique,Ingenieria  mecanica,"Engines, pumps, turbines","Moteurs, pompes, turbines","Motores, bombas, turbinas",G21J%,,
27,Mechanical engineering,Mecanique,Ingenieria  mecanica,"Engines, pumps, turbines","Moteurs, pompes, turbines","Motores, bombas, turbinas",G21K%,,
28,Mechanical engineering,Mecanique,Ingenieria  mecanica,Textile and paper machines,Machines a fabriquer du papier et des textiles,Maquinaria textil y de papel,A41H%,,
28,Mechanical engineering,Mecanique,Ingenieria  mecanica,Textile and paper machines,Machines a fabriquer du papier et des textiles,Maquinaria textil y de papel,A43D%,,
28,Mechanical engineering,Mecanique,Ingenieria  mecanica,Textile and paper machines,Machines a fabriquer du papier et des textiles,Maquinaria textil y de papel,A46D%,,
28,Mechanical engineering,Mecanique,Ingenieria  mecanica,Textile and paper machines,Machines a fabriquer du papier et des textiles,Maquinaria textil y de papel,B31B%,,
28,Mechanical engineering,Mecanique,Ingenieria  mecanica,Textile and paper machines,Machines a fabriquer du papier et des textiles,Maquinaria textil y de papel,B31C%,,
28,Mechanical engineering,Mecanique,Ingenieria  mecanica,Textile and paper machines,Machines a fabriquer du papier et des textiles,Maquinaria textil y de papel,B31D%,,
28,Mechanical engineering,Mecanique,Ingenieria  mecanica,Textile and paper machines,Machines a fabriquer du papier et des textiles,Maquinaria textil y de papel,B31F%,,
28,Mechanical engineering,Mecanique,Ingenieria  mecanica,Textile and paper machines,Machines a fabriquer du papier et des textiles,Maquinaria textil y de papel,B41B%,,
28,Mechanical engineering,Mecanique,Ingenieria  mecanica,Textile and paper machines,Machines a fabriquer du papier et des textiles,Maquinaria textil y de papel,B41C%,,
28,Mechanical engineering,Mecanique,Ingenieria  mecanica,Textile and paper machines,Machines a fabriquer du papier et des textiles,Maquinaria textil y de papel,B41D%,,
28,Mechanical engineering,Mecanique,Ingenieria  mecanica,Textile and paper machines,Machines a fabriquer du papier et des textiles,Maquinaria textil y de papel,B41F%,,
28,Mechanical engineering,Mecanique,Ingenieria  mecanica,Textile and paper machines,Machines a fabriquer du papier et des textiles,Maquinaria textil y de papel,B41G%,,
28,Mechanical engineering,Mecanique,Ingenieria  mecanica,Textile and paper machines,Machines a fabriquer du papier et des textiles,Maquinaria textil y de papel,B41J%,,
28,Mechanical engineering,Mecanique,Ingenieria  mecanica,Textile and paper machines,Machines a fabriquer du papier et des textiles,Maquinaria textil y de papel,B41K%,,
28,Mechanical engineering,Mecanique,Ingenieria  mecanica,Textile and paper machines,Machines a fabriquer du papier et des textiles,Maquinaria textil y de papel,B41L%,,
28,Mechanical engineering,Mecanique,Ingenieria  mecanica,Textile and paper machines,Machines a fabriquer du papier et des textiles,Maquinaria textil y de papel,B41M%,,
28,Mechanical engineering,Mecanique,Ingenieria  mecanica,Textile and paper machines,Machines a fabriquer du papier et des textiles,Maquinaria textil y de papel,B41N%,,
28,Mechanical engineering,Mecanique,Ingenieria  mecanica,Textile and paper machines,Machines a fabriquer du papier et des textiles,Maquinaria textil y de papel,C14B%,,
28,Mechanical engineering,Mecanique,Ingenieria  mecanica,Textile and paper machines,Machines a fabriquer du papier et des textiles,Maquinaria textil y de papel,D01B%,,
28,Mechanical engineering,Mecanique,Ingenieria  mecanica,Textile and paper machines,Machines a fabriquer du papier et des textiles,Maquinaria textil y de papel,D01C%,,
28,Mechanical engineering,Mecanique,Ingenieria  mecanica,Textile and paper machines,Machines a fabriquer du papier et des textiles,Maquinaria textil y de papel,D01D%,,
28,Mechanical engineering,Mecanique,Ingenieria  mecanica,Textile and paper machines,Machines a fabriquer du papier et des textiles,Maquinaria textil y de papel,D01F%,,
28,Mechanical engineering,Mecanique,Ingenieria  mecanica,Textile and paper machines,Machines a fabriquer du papier et des textiles,Maquinaria textil y de papel,D01G%,,
28,Mechanical engineering,Mecanique,Ingenieria  mecanica,Textile and paper machines,Machines a fabriquer du papier et des textiles,Maquinaria textil y de papel,D01H%,,
28,Mechanical engineering,Mecanique,Ingenieria  mecanica,Textile and paper machines,Machines a fabriquer du papier et des textiles,Maquinaria textil y de papel,D02G%,,
28,Mechanical engineering,Mecanique,Ingenieria  mecanica,Textile and paper machines,Machines a fabriquer du papier et des textiles,Maquinaria textil y de papel,D02H%,,
28,Mechanical engineering,Mecanique,Ingenieria  mecanica,Textile and paper machines,Machines a fabriquer du papier et des textiles,Maquinaria textil y de papel,D02J%,,
28,Mechanical engineering,Mecanique,Ingenieria  mecanica,Textile and paper machines,Machines a fabriquer du papier et des textiles,Maquinaria textil y de papel,D03C%,,
28,Mechanical engineering,Mecanique,Ingenieria  mecanica,Textile and paper machines,Machines a fabriquer du papier et des textiles,Maquinaria textil y de papel,D03D%,,
28,Mechanical engineering,Mecanique,Ingenieria  mecanica,Textile and paper machines,Machines a fabriquer du papier et des textiles,Maquinaria textil y de papel,D03J%,,
28,Mechanical engineering,Mecanique,Ingenieria  mecanica,Textile and paper machines,Machines a fabriquer du papier et des textiles,Maquinaria textil y de papel,D04B%,,
28,Mechanical engineering,Mecanique,Ingenieria  mecanica,Textile and paper machines,Machines a fabriquer du papier et des textiles,Maquinaria textil y de papel,D04C%,,
28,Mechanical engineering,Mecanique,Ingenieria  mecanica,Textile and paper machines,Machines a fabriquer du papier et des textiles,Maquinaria textil y de papel,D04G%,,
28,Mechanical engineering,Mecanique,Ingenieria  mecanica,Textile and paper machines,Machines a fabriquer du papier et des textiles,Maquinaria textil y de papel,D04H%,,
28,Mechanical engineering,Mecanique,Ingenieria  mecanica,Textile and paper machines,Machines a fabriquer du papier et des textiles,Maquinaria textil y de papel,D05B%,,
28,Mechanical engineering,Mecanique,Ingenieria  mecanica,Textile and paper machines,Machines a fabriquer du papier et des textiles,Maquinaria textil y de papel,D05C%,,
28,Mechanical engineering,Mecanique,Ingenieria  mecanica,Textile and paper machines,Machines a fabriquer du papier et des textiles,Maquinaria textil y de papel,D06G%,,
28,Mechanical engineering,Mecanique,Ingenieria  mecanica,Textile and paper machines,Machines a fabriquer du papier et des textiles,Maquinaria textil y de papel,D06H%,,
28,Mechanical engineering,Mecanique,Ingenieria  mecanica,Textile and paper machines,Machines a fabriquer du papier et des textiles,Maquinaria textil y de papel,D06J%,,
28,Mechanical engineering,Mecanique,Ingenieria  mecanica,Textile and paper machines,Machines a fabriquer du papier et des textiles,Maquinaria textil y de papel,D06M%,,
28,Mechanical engineering,Mecanique,Ingenieria  mecanica,Textile and paper machines,Machines a fabriquer du papier et des textiles,Maquinaria textil y de papel,D06P%,,
28,Mechanical engineering,Mecanique,Ingenieria  mecanica,Textile and paper machines,Machines a fabriquer du papier et des textiles,Maquinaria textil y de papel,D06Q%,,
28,Mechanical engineering,Mecanique,Ingenieria  mecanica,Textile and paper machines,Machines a fabriquer du papier et des textiles,Maquinaria textil y de papel,D21B%,,
28,Mechanical engineering,Mecanique,Ingenieria  mecanica,Textile and paper machines,Machines a fabriquer du papier et des textiles,Maquinaria textil y de papel,D21C%,,
28,Mechanical engineering,Mecanique,Ingenieria  mecanica,Textile and paper machines,Machines a fabriquer du papier et des textiles,Maquinaria textil y de papel,D21D%,,
28,Mechanical engineering,Mecanique,Ingenieria  mecanica,Textile and paper machines,Machines a fabriquer du papier et des textiles,Maquinaria textil y de papel,D21F%,,
28,Mechanical engineering,Mecanique,Ingenieria  mecanica,Textile and paper machines,Machines a fabriquer du papier et des textiles,Maquinaria textil y de papel,D21G%,,
28,Mechanical engineering,Mecanique,Ingenieria  mecanica,Textile and paper machines,Machines a fabriquer du papier et des textiles,Maquinaria textil y de papel,D21H%,,
28,Mechanical engineering,Mecanique,Ingenieria  mecanica,Textile and paper machines,Machines a fabriquer du papier et des textiles,Maquinaria textil y de papel,D21J%,,
28,Mechanical engineering,Mecanique,Ingenieria  mecanica,Textile and paper machines,Machines a fabriquer du papier et des textiles,Maquinaria textil y de papel,D99Z%,,
29,Mechanical engineering,Mecanique,Ingenieria  mecanica,Other special machines,Autres machines speciales,Otra maquinaria especial,A01B%,,
29,Mechanical engineering,Mecanique,Ingenieria  mecanica,Other special machines,Autres machines speciales,Otra maquinaria especial,A01C%,,
29,Mechanical engineering,Mecanique,Ingenieria  mecanica,Other special machines,Autres machines speciales,Otra maquinaria especial,A01D%,,
29,Mechanical engineering,Mecanique,Ingenieria  mecanica,Other special machines,Autres machines speciales,Otra maquinaria especial,A01F%,,
29,Mechanical engineering,Mecanique,Ingenieria  mecanica,Other special machines,Autres machines speciales,Otra maquinaria especial,A01G%,,
29,Mechanical engineering,Mecanique,Ingenieria  mecanica,Other special machines,Autres machines speciales,Otra maquinaria especial,A01J%,,
29,Mechanical engineering,Mecanique,Ingenieria  mecanica,Other special machines,Autres machines speciales,Otra maquinaria especial,A01K%,,
29,Mechanical engineering,Mecanique,Ingenieria  mecanica,Other special machines,Autres machines speciales,Otra maquinaria especial,A01L%,,
29,Mechanical engineering,Mecanique,Ingenieria  mecanica,Other special machines,Autres machines speciales,Otra maquinaria especial,A01M%,,
29,Mechanical engineering,Mecanique,Ingenieria  mecanica,Other special machines,Autres machines speciales,Otra maquinaria especial,A21B%,,
29,Mechanical engineering,Mecanique,Ingenieria  mecanica,Other special machines,Autres machines speciales,Otra maquinaria especial,A21C%,,
29,Mechanical engineering,Mecanique,Ingenieria  mecanica,Other special machines,Autres machines speciales,Otra maquinaria especial,A22B%,,
29,Mechanical engineering,Mecanique,Ingenieria  mecanica,Other special machines,Autres machines speciales,Otra maquinaria especial,A22C%,,
29,Mechanical engineering,Mecanique,Ingenieria  mecanica,Other special machines,Autres machines speciales,Otra maquinaria especial,A23N%,,
29,Mechanical engineering,Mecanique,Ingenieria  mecanica,Other special machines,Autres machines speciales,Otra maquinaria especial,A23P%,,
29,Mechanical engineering,Mecanique,Ingenieria  mecanica,Other special machines,Autres machines speciales,Otra maquinaria especial,B02B%,,
29,Mechanical engineering,Mecanique,Ingenieria  mecanica,Other special machines,Autres machines speciales,Otra maquinaria especial,B28B%,,
29,Mechanical engineering,Mecanique,Ingenieria  mecanica,Other special machines,Autres machines speciales,Otra maquinaria especial,B28C%,,
29,Mechanical engineering,Mecanique,Ingenieria  mecanica,Other special machines,Autres machines speciales,Otra maquinaria especial,B28D%,,
29,Mechanical engineering,Mecanique,Ingenieria  mecanica,Other special machines,Autres machines speciales,Otra maquinaria especial,B29B%,,
29,Mechanical engineering,Mecanique,Ingenieria  mecanica,Other special machines,Autres machines speciales,Otra maquinaria especial,B29C%,,
29,Mechanical engineering,Mecanique,Ingenieria  mecanica,Other special machines,Autres machines speciales,Otra maquinaria especial,B29D%,,
29,Mechanical engineering,Mecanique,Ingenieria  mecanica,Other special machines,Autres machines speciales,Otra maquinaria especial,B29K%,,
29,Mechanical engineering,Mecanique,Ingenieria  mecanica,Other special machines,Autres machines speciales,Otra maquinaria especial,B29L%,,
29,Mechanical engineering,Mecanique,Ingenieria  mecanica,Other special machines,Autres machines speciales,Otra maquinaria especial,B33Y%,1-Jan-15,Newly added
29,Mechanical engineering,Mecanique,Ingenieria  mecanica,Other special machines,Autres machines speciales,Otra maquinaria especial,B99Z%,,
29,Mechanical engineering,Mecanique,Ingenieria  mecanica,Other special machines,Autres machines speciales,Otra maquinaria especial,C03B%,,
29,Mechanical engineering,Mecanique,Ingenieria  mecanica,Other special machines,Autres machines speciales,Otra maquinaria especial,C08J%,,
29,Mechanical engineering,Mecanique,Ingenieria  mecanica,Other special machines,Autres machines speciales,Otra maquinaria especial,C12L%,,
29,Mechanical engineering,Mecanique,Ingenieria  mecanica,Other special machines,Autres machines speciales,Otra maquinaria especial,C13B   5%,15-Aug-11,Newly added
29,Mechanical engineering,Mecanique,Ingenieria  mecanica,Other special machines,Autres machines speciales,Otra maquinaria especial,C13B  15%,15-Aug-11,Newly added
29,Mechanical engineering,Mecanique,Ingenieria  mecanica,Other special machines,Autres machines speciales,Otra maquinaria especial,C13B  25%,15-Aug-11,Newly added
29,Mechanical engineering,Mecanique,Ingenieria  mecanica,Other special machines,Autres machines speciales,Otra maquinaria especial,C13B  45%,15-Aug-11,Newly added
29,Mechanical engineering,Mecanique,Ingenieria  mecanica,Other special machines,Autres machines speciales,Otra maquinaria especial,C13C%,,
29,Mechanical engineering,Mecanique,Ingenieria  mecanica,Other special machines,Autres machines speciales,Otra maquinaria especial,C13G%,,
29,Mechanical engineering,Mecanique,Ingenieria  mecanica,Other special machines,Autres machines speciales,Otra maquinaria especial,C13H%,,
29,Mechanical engineering,Mecanique,Ingenieria  mecanica,Other special machines,Autres machines speciales,Otra maquinaria especial,F41A%,,
29,Mechanical engineering,Mecanique,Ingenieria  mecanica,Other special machines,Autres machines speciales,Otra maquinaria especial,F41B%,,
29,Mechanical engineering,Mecanique,Ingenieria  mecanica,Other special machines,Autres machines speciales,Otra maquinaria especial,F41C%,,
29,Mechanical engineering,Mecanique,Ingenieria  mecanica,Other special machines,Autres machines speciales,Otra maquinaria especial,F41F%,,
29,Mechanical engineering,Mecanique,Ingenieria  mecanica,Other special machines,Autres machines speciales,Otra maquinaria especial,F41G%,,
29,Mechanical engineering,Mecanique,Ingenieria  mecanica,Other special machines,Autres machines speciales,Otra maquinaria especial,F41H%,,
29,Mechanical engineering,Mecanique,Ingenieria  mecanica,Other special machines,Autres machines speciales,Otra maquinaria especial,F41J%,,
29,Mechanical engineering,Mecanique,Ingenieria  mecanica,Other special machines,Autres machines speciales,Otra maquinaria especial,F42B%,,
29,Mechanical engineering,Mecanique,Ingenieria  mecanica,Other special machines,Autres machines speciales,Otra maquinaria especial,F42C%,,
29,Mechanical engineering,Mecanique,Ingenieria  mecanica,Other special machines,Autres machines speciales,Otra maquinaria especial,F42D%,,
30,Mechanical engineering,Mecanique,Ingenieria  mecanica,Thermal processes and apparatus,Procedes et appareils thermiques,Procesos termicos y aparatos,F22B%,,
30,Mechanical engineering,Mecanique,Ingenieria  mecanica,Thermal processes and apparatus,Procedes et appareils thermiques,Procesos termicos y aparatos,F22D%,,
30,Mechanical engineering,Mecanique,Ingenieria  mecanica,Thermal processes and apparatus,Procedes et appareils thermiques,Procesos termicos y aparatos,F22G%,,
30,Mechanical engineering,Mecanique,Ingenieria  mecanica,Thermal processes and apparatus,Procedes et appareils thermiques,Procesos termicos y aparatos,F23B%,,
30,Mechanical engineering,Mecanique,Ingenieria  mecanica,Thermal processes and apparatus,Procedes et appareils thermiques,Procesos termicos y aparatos,F23C%,,
30,Mechanical engineering,Mecanique,Ingenieria  mecanica,Thermal processes and apparatus,Procedes et appareils thermiques,Procesos termicos y aparatos,F23D%,,
30,Mechanical engineering,Mecanique,Ingenieria  mecanica,Thermal processes and apparatus,Procedes et appareils thermiques,Procesos termicos y aparatos,F23H%,,
30,Mechanical engineering,Mecanique,Ingenieria  mecanica,Thermal processes and apparatus,Procedes et appareils thermiques,Procesos termicos y aparatos,F23K%,,
30,Mechanical engineering,Mecanique,Ingenieria  mecanica,Thermal processes and apparatus,Procedes et appareils thermiques,Procesos termicos y aparatos,F23L%,,
30,Mechanical engineering,Mecanique,Ingenieria  mecanica,Thermal processes and apparatus,Procedes et appareils thermiques,Procesos termicos y aparatos,F23M%,,
30,Mechanical engineering,Mecanique,Ingenieria  mecanica,Thermal processes and apparatus,Procedes et appareils thermiques,Procesos termicos y aparatos,F23N%,,
30,Mechanical engineering,Mecanique,Ingenieria  mecanica,Thermal processes and apparatus,Procedes et appareils thermiques,Procesos termicos y aparatos,F23Q%,,
30,Mechanical engineering,Mecanique,Ingenieria  mecanica,Thermal processes and apparatus,Procedes et appareils thermiques,Procesos termicos y aparatos,F24B%,,
30,Mechanical engineering,Mecanique,Ingenieria  mecanica,Thermal processes and apparatus,Procedes et appareils thermiques,Procesos termicos y aparatos,F24C%,,
30,Mechanical engineering,Mecanique,Ingenieria  mecanica,Thermal processes and apparatus,Procedes et appareils thermiques,Procesos termicos y aparatos,F24D%,,
30,Mechanical engineering,Mecanique,Ingenieria  mecanica,Thermal processes and apparatus,Procedes et appareils thermiques,Procesos termicos y aparatos,F24F%,,
30,Mechanical engineering,Mecanique,Ingenieria  mecanica,Thermal processes and apparatus,Procedes et appareils thermiques,Procesos termicos y aparatos,F24H%,,
30,Mechanical engineering,Mecanique,Ingenieria  mecanica,Thermal processes and apparatus,Procedes et appareils thermiques,Procesos termicos y aparatos,F24J%,,
30,Mechanical engineering,Mecanique,Ingenieria  mecanica,Thermal processes and apparatus,Procedes et appareils thermiques,Procesos termicos y aparatos,F24S%,31-Jan-18,Newly added
30,Mechanical engineering,Mecanique,Ingenieria  mecanica,Thermal processes and apparatus,Procedes et appareils thermiques,Procesos termicos y aparatos,F24T%,31-Jan-18,Newly added
30,Mechanical engineering,Mecanique,Ingenieria  mecanica,Thermal processes and apparatus,Procedes et appareils thermiques,Procesos termicos y aparatos,F24V%,31-Jan-18,Newly added
30,Mechanical engineering,Mecanique,Ingenieria  mecanica,Thermal processes and apparatus,Procedes et appareils thermiques,Procesos termicos y aparatos,F25B%,,
30,Mechanical engineering,Mecanique,Ingenieria  mecanica,Thermal processes and apparatus,Procedes et appareils thermiques,Procesos termicos y aparatos,F25C%,,
30,Mechanical engineering,Mecanique,Ingenieria  mecanica,Thermal processes and apparatus,Procedes et appareils thermiques,Procesos termicos y aparatos,F27B%,,
30,Mechanical engineering,Mecanique,Ingenieria  mecanica,Thermal processes and apparatus,Procedes et appareils thermiques,Procesos termicos y aparatos,F27D%,,
30,Mechanical engineering,Mecanique,Ingenieria  mecanica,Thermal processes and apparatus,Procedes et appareils thermiques,Procesos termicos y aparatos,F28B%,,
30,Mechanical engineering,Mecanique,Ingenieria  mecanica,Thermal processes and apparatus,Procedes et appareils thermiques,Procesos termicos y aparatos,F28C%,,
30,Mechanical engineering,Mecanique,Ingenieria  mecanica,Thermal processes and apparatus,Procedes et appareils thermiques,Procesos termicos y aparatos,F28D%,,
30,Mechanical engineering,Mecanique,Ingenieria  mecanica,Thermal processes and apparatus,Procedes et appareils thermiques,Procesos termicos y aparatos,F28F%,,
30,Mechanical engineering,Mecanique,Ingenieria  mecanica,Thermal processes and apparatus,Procedes et appareils thermiques,Procesos termicos y aparatos,F28G%,,
31,Mechanical engineering,Mecanique,Ingenieria  mecanica,Mechanical elements,Elements mecaniques,Componentes mecanicos,F15B%,,
31,Mechanical engineering,Mecanique,Ingenieria  mecanica,Mechanical elements,Elements mecaniques,Componentes mecanicos,F15C%,,
31,Mechanical engineering,Mecanique,Ingenieria  mecanica,Mechanical elements,Elements mecaniques,Componentes mecanicos,F15D%,,
31,Mechanical engineering,Mecanique,Ingenieria  mecanica,Mechanical elements,Elements mecaniques,Componentes mecanicos,F16B%,,
31,Mechanical engineering,Mecanique,Ingenieria  mecanica,Mechanical elements,Elements mecaniques,Componentes mecanicos,F16C%,,
31,Mechanical engineering,Mecanique,Ingenieria  mecanica,Mechanical elements,Elements mecaniques,Componentes mecanicos,F16D%,,
31,Mechanical engineering,Mecanique,Ingenieria  mecanica,Mechanical elements,Elements mecaniques,Componentes mecanicos,F16F%,,
31,Mechanical engineering,Mecanique,Ingenieria  mecanica,Mechanical elements,Elements mecaniques,Componentes mecanicos,F16G%,,
31,Mechanical engineering,Mecanique,Ingenieria  mecanica,Mechanical elements,Elements mecaniques,Componentes mecanicos,F16H%,,
31,Mechanical engineering,Mecanique,Ingenieria  mecanica,Mechanical elements,Elements mecaniques,Componentes mecanicos,F16J%,,
31,Mechanical engineering,Mecanique,Ingenieria  mecanica,Mechanical elements,Elements mecaniques,Componentes mecanicos,F16K%,,
31,Mechanical engineering,Mecanique,Ingenieria  mecanica,Mechanical elements,Elements mecaniques,Componentes mecanicos,F16L%,,
31,Mechanical engineering,Mecanique,Ingenieria  mecanica,Mechanical elements,Elements mecaniques,Componentes mecanicos,F16M%,,
31,Mechanical engineering,Mecanique,Ingenieria  mecanica,Mechanical elements,Elements mecaniques,Componentes mecanicos,F16N%,,
31,Mechanical engineering,Mecanique,Ingenieria  mecanica,Mechanical elements,Elements mecaniques,Componentes mecanicos,F16P%,,
31,Mechanical engineering,Mecanique,Ingenieria  mecanica,Mechanical elements,Elements mecaniques,Componentes mecanicos,F16S%,,
31,Mechanical engineering,Mecanique,Ingenieria  mecanica,Mechanical elements,Elements mecaniques,Componentes mecanicos,F16T%,,
31,Mechanical engineering,Mecanique,Ingenieria  mecanica,Mechanical elements,Elements mecaniques,Componentes mecanicos,F17B%,,
31,Mechanical engineering,Mecanique,Ingenieria  mecanica,Mechanical elements,Elements mecaniques,Componentes mecanicos,F17C%,,
31,Mechanical engineering,Mecanique,Ingenieria  mecanica,Mechanical elements,Elements mecaniques,Componentes mecanicos,F17D%,,
31,Mechanical engineering,Mecanique,Ingenieria  mecanica,Mechanical elements,Elements mecaniques,Componentes mecanicos,G05G%,,
32,Mechanical engineering,Mecanique,Ingenieria  mecanica,Transport,Transport,Transporte,B60B%,,
32,Mechanical engineering,Mecanique,Ingenieria  mecanica,Transport,Transport,Transporte,B60C%,,
32,Mechanical engineering,Mecanique,Ingenieria  mecanica,Transport,Transport,Transporte,B60D%,,
32,Mechanical engineering,Mecanique,Ingenieria  mecanica,Transport,Transport,Transporte,B60F%,,
32,Mechanical engineering,Mecanique,Ingenieria  mecanica,Transport,Transport,Transporte,B60G%,,
32,Mechanical engineering,Mecanique,Ingenieria  mecanica,Transport,Transport,Transporte,B60H%,,
32,Mechanical engineering,Mecanique,Ingenieria  mecanica,Transport,Transport,Transporte,B60J%,,
32,Mechanical engineering,Mecanique,Ingenieria  mecanica,Transport,Transport,Transporte,B60K%,,
32,Mechanical engineering,Mecanique,Ingenieria  mecanica,Transport,Transport,Transporte,B60L%,,
32,Mechanical engineering,Mecanique,Ingenieria  mecanica,Transport,Transport,Transporte,B60M%,,
32,Mechanical engineering,Mecanique,Ingenieria  mecanica,Transport,Transport,Transporte,B60N%,,
32,Mechanical engineering,Mecanique,Ingenieria  mecanica,Transport,Transport,Transporte,B60P%,,
32,Mechanical engineering,Mecanique,Ingenieria  mecanica,Transport,Transport,Transporte,B60Q%,,
32,Mechanical engineering,Mecanique,Ingenieria  mecanica,Transport,Transport,Transporte,B60R%,,
32,Mechanical engineering,Mecanique,Ingenieria  mecanica,Transport,Transport,Transporte,B60S%,,
32,Mechanical engineering,Mecanique,Ingenieria  mecanica,Transport,Transport,Transporte,B60T%,,
32,Mechanical engineering,Mecanique,Ingenieria  mecanica,Transport,Transport,Transporte,B60V%,,
32,Mechanical engineering,Mecanique,Ingenieria  mecanica,Transport,Transport,Transporte,B60W%,,
32,Mechanical engineering,Mecanique,Ingenieria  mecanica,Transport,Transport,Transporte,B61B%,,
32,Mechanical engineering,Mecanique,Ingenieria  mecanica,Transport,Transport,Transporte,B61C%,,
32,Mechanical engineering,Mecanique,Ingenieria  mecanica,Transport,Transport,Transporte,B61D%,,
32,Mechanical engineering,Mecanique,Ingenieria  mecanica,Transport,Transport,Transporte,B61F%,,
32,Mechanical engineering,Mecanique,Ingenieria  mecanica,Transport,Transport,Transporte,B61G%,,
32,Mechanical engineering,Mecanique,Ingenieria  mecanica,Transport,Transport,Transporte,B61H%,,
32,Mechanical engineering,Mecanique,Ingenieria  mecanica,Transport,Transport,Transporte,B61J%,,
32,Mechanical engineering,Mecanique,Ingenieria  mecanica,Transport,Transport,Transporte,B61K%,,
32,Mechanical engineering,Mecanique,Ingenieria  mecanica,Transport,Transport,Transporte,B61L%,,
32,Mechanical engineering,Mecanique,Ingenieria  mecanica,Transport,Transport,Transporte,B62B%,,
32,Mechanical engineering,Mecanique,Ingenieria  mecanica,Transport,Transport,Transporte,B62C%,,
32,Mechanical engineering,Mecanique,Ingenieria  mecanica,Transport,Transport,Transporte,B62D%,,
32,Mechanical engineering,Mecanique,Ingenieria  mecanica,Transport,Transport,Transporte,B62H%,,
32,Mechanical engineering,Mecanique,Ingenieria  mecanica,Transport,Transport,Transporte,B62J%,,
32,Mechanical engineering,Mecanique,Ingenieria  mecanica,Transport,Transport,Transporte,B62K%,,
32,Mechanical engineering,Mecanique,Ingenieria  mecanica,Transport,Transport,Transporte,B62L%,,
32,Mechanical engineering,Mecanique,Ingenieria  mecanica,Transport,Transport,Transporte,B62M%,,
32,Mechanical engineering,Mecanique,Ingenieria  mecanica,Transport,Transport,Transporte,B63B%,,
32,Mechanical engineering,Mecanique,Ingenieria  mecanica,Transport,Transport,Transporte,B63C%,,
32,Mechanical engineering,Mecanique,Ingenieria  mecanica,Transport,Transport,Transporte,B63G%,,
32,Mechanical engineering,Mecanique,Ingenieria  mecanica,Transport,Transport,Transporte,B63H%,,
32,Mechanical engineering,Mecanique,Ingenieria  mecanica,Transport,Transport,Transporte,B63J%,,
32,Mechanical engineering,Mecanique,Ingenieria  mecanica,Transport,Transport,Transporte,B64B%,,
32,Mechanical engineering,Mecanique,Ingenieria  mecanica,Transport,Transport,Transporte,B64C%,,
32,Mechanical engineering,Mecanique,Ingenieria  mecanica,Transport,Transport,Transporte,B64D%,,
32,Mechanical engineering,Mecanique,Ingenieria  mecanica,Transport,Transport,Transporte,B64F%,,
32,Mechanical engineering,Mecanique,Ingenieria  mecanica,Transport,Transport,Transporte,B64G%,,
33,Other fields,Autres domaines,Otros sectores,"Furniture, games","Mobilier, jeux","Mobiliario, juegos",A47B%,,
33,Other fields,Autres domaines,Otros sectores,"Furniture, games","Mobilier, jeux","Mobiliario, juegos",A47C%,,
33,Other fields,Autres domaines,Otros sectores,"Furniture, games","Mobilier, jeux","Mobiliario, juegos",A47D%,,
33,Other fields,Autres domaines,Otros sectores,"Furniture, games","Mobilier, jeux","Mobiliario, juegos",A47F%,,
33,Other fields,Autres domaines,Otros sectores,"Furniture, games","Mobilier, jeux","Mobiliario, juegos",A47G%,,
33,Other fields,Autres domaines,Otros sectores,"Furniture, games","Mobilier, jeux","Mobiliario, juegos",A47H%,,
33,Other fields,Autres domaines,Otros sectores,"Furniture, games","Mobilier, jeux","Mobiliario, juegos",A47J%,,
33,Other fields,Autres domaines,Otros sectores,"Furniture, games","Mobilier, jeux","Mobiliario, juegos",A47K%,,
33,Other fields,Autres domaines,Otros sectores,"Furniture, games","Mobilier, jeux","Mobiliario, juegos",A47L%,,
33,Other fields,Autres domaines,Otros sectores,"Furniture, games","Mobilier, jeux","Mobiliario, juegos",A63B%,,
33,Other fields,Autres domaines,Otros sectores,"Furniture, games","Mobilier, jeux","Mobiliario, juegos",A63C%,,
33,Other fields,Autres domaines,Otros sectores,"Furniture, games","Mobilier, jeux","Mobiliario, juegos",A63D%,,
33,Other fields,Autres domaines,Otros sectores,"Furniture, games","Mobilier, jeux","Mobiliario, juegos",A63F%,,
33,Other fields,Autres domaines,Otros sectores,"Furniture, games","Mobilier, jeux","Mobiliario, juegos",A63G%,,
33,Other fields,Autres domaines,Otros sectores,"Furniture, games","Mobilier, jeux","Mobiliario, juegos",A63H%,,
33,Other fields,Autres domaines,Otros sectores,"Furniture, games","Mobilier, jeux","Mobiliario, juegos",A63J%,,
33,Other fields,Autres domaines,Otros sectores,"Furniture, games","Mobilier, jeux","Mobiliario, juegos",A63K%,,
34,Other fields,Autres domaines,Otros sectores,Other consumer goods,Autres biens de consommation,Otros productos de consumo,A24B%,,
34,Other fields,Autres domaines,Otros sectores,Other consumer goods,Autres biens de consommation,Otros productos de consumo,A24C%,,
34,Other fields,Autres domaines,Otros sectores,Other consumer goods,Autres biens de consommation,Otros productos de consumo,A24D%,,
34,Other fields,Autres domaines,Otros sectores,Other consumer goods,Autres biens de consommation,Otros productos de consumo,A24F%,,
34,Other fields,Autres domaines,Otros sectores,Other consumer goods,Autres biens de consommation,Otros productos de consumo,A41B%,,
34,Other fields,Autres domaines,Otros sectores,Other consumer goods,Autres biens de consommation,Otros productos de consumo,A41C%,,
34,Other fields,Autres domaines,Otros sectores,Other consumer goods,Autres biens de consommation,Otros productos de consumo,A41D%,,
34,Other fields,Autres domaines,Otros sectores,Other consumer goods,Autres biens de consommation,Otros productos de consumo,A41F%,,
34,Other fields,Autres domaines,Otros sectores,Other consumer goods,Autres biens de consommation,Otros productos de consumo,A41G%,,
34,Other fields,Autres domaines,Otros sectores,Other consumer goods,Autres biens de consommation,Otros productos de consumo,A42B%,,
34,Other fields,Autres domaines,Otros sectores,Other consumer goods,Autres biens de consommation,Otros productos de consumo,A42C%,,
34,Other fields,Autres domaines,Otros sectores,Other consumer goods,Autres biens de consommation,Otros productos de consumo,A43B%,,
34,Other fields,Autres domaines,Otros sectores,Other consumer goods,Autres biens de consommation,Otros productos de consumo,A43C%,,
34,Other fields,Autres domaines,Otros sectores,Other consumer goods,Autres biens de consommation,Otros productos de consumo,A44B%,,
34,Other fields,Autres domaines,Otros sectores,Other consumer goods,Autres biens de consommation,Otros productos de consumo,A44C%,,
34,Other fields,Autres domaines,Otros sectores,Other consumer goods,Autres biens de consommation,Otros productos de consumo,A45B%,,
34,Other fields,Autres domaines,Otros sectores,Other consumer goods,Autres biens de consommation,Otros productos de consumo,A45C%,,
34,Other fields,Autres domaines,Otros sectores,Other consumer goods,Autres biens de consommation,Otros productos de consumo,A45D%,,
34,Other fields,Autres domaines,Otros sectores,Other consumer goods,Autres biens de consommation,Otros productos de consumo,A45F%,,
34,Other fields,Autres domaines,Otros sectores,Other consumer goods,Autres biens de consommation,Otros productos de consumo,A46B%,,
34,Other fields,Autres domaines,Otros sectores,Other consumer goods,Autres biens de consommation,Otros productos de consumo,A62B%,,
34,Other fields,Autres domaines,Otros sectores,Other consumer goods,Autres biens de consommation,Otros productos de consumo,A99Z%,,
34,Other fields,Autres domaines,Otros sectores,Other consumer goods,Autres biens de consommation,Otros productos de consumo,B42B%,,
34,Other fields,Autres domaines,Otros sectores,Other consumer goods,Autres biens de consommation,Otros productos de consumo,B42C%,,
34,Other fields,Autres domaines,Otros sectores,Other consumer goods,Autres biens de consommation,Otros productos de consumo,B42D%,,
34,Other fields,Autres domaines,Otros sectores,Other consumer goods,Autres biens de consommation,Otros productos de consumo,B42F%,,
34,Other fields,Autres domaines,Otros sectores,Other consumer goods,Autres biens de consommation,Otros productos de consumo,B43K%,,
34,Other fields,Autres domaines,Otros sectores,Other consumer goods,Autres biens de consommation,Otros productos de consumo,B43L%,,
34,Other fields,Autres domaines,Otros sectores,Other consumer goods,Autres biens de consommation,Otros productos de consumo,B43M%,,
34,Other fields,Autres domaines,Otros sectores,Other consumer goods,Autres biens de consommation,Otros productos de consumo,B44B%,,
34,Other fields,Autres domaines,Otros sectores,Other consumer goods,Autres biens de consommation,Otros productos de consumo,B44C%,,
34,Other fields,Autres domaines,Otros sectores,Other consumer goods,Autres biens de consommation,Otros productos de consumo,B44D%,,
34,Other fields,Autres domaines,Otros sectores,Other consumer goods,Autres biens de consommation,Otros productos de consumo,B44F%,,
34,Other fields,Autres domaines,Otros sectores,Other consumer goods,Autres biens de consommation,Otros productos de consumo,B68B%,,
34,Other fields,Autres domaines,Otros sectores,Other consumer goods,Autres biens de consommation,Otros productos de consumo,B68C%,,
34,Other fields,Autres domaines,Otros sectores,Other consumer goods,Autres biens de consommation,Otros productos de consumo,B68F%,,
34,Other fields,Autres domaines,Otros sectores,Other consumer goods,Autres biens de consommation,Otros productos de consumo,B68G%,,
34,Other fields,Autres domaines,Otros sectores,Other consumer goods,Autres biens de consommation,Otros productos de consumo,D04D%,,
34,Other fields,Autres domaines,Otros sectores,Other consumer goods,Autres biens de consommation,Otros productos de consumo,D06F%,,
34,Other fields,Autres domaines,Otros sectores,Other consumer goods,Autres biens de consommation,Otros productos de consumo,D06N%,,
34,Other fields,Autres domaines,Otros sectores,Other consumer goods,Autres biens de consommation,Otros productos de consumo,D07B%,,
34,Other fields,Autres domaines,Otros sectores,Other consumer goods,Autres biens de consommation,Otros productos de consumo,F25D%,,
34,Other fields,Autres domaines,Otros sectores,Other consumer goods,Autres biens de consommation,Otros productos de consumo,G10B%,,
34,Other fields,Autres domaines,Otros sectores,Other consumer goods,Autres biens de consommation,Otros productos de consumo,G10C%,,
34,Other fields,Autres domaines,Otros sectores,Other consumer goods,Autres biens de consommation,Otros productos de consumo,G10D%,,
34,Other fields,Autres domaines,Otros sectores,Other consumer goods,Autres biens de consommation,Otros productos de consumo,G10F%,,
34,Other fields,Autres domaines,Otros sectores,Other consumer goods,Autres biens de consommation,Otros productos de consumo,G10G%,,
34,Other fields,Autres domaines,Otros sectores,Other consumer goods,Autres biens de consommation,Otros productos de consumo,G10H%,,
34,Other fields,Autres domaines,Otros sectores,Other consumer goods,Autres biens de consommation,Otros productos de consumo,G10K%,,
35,Other fields,Autres domaines,Otros sectores,Civil engineering,Genie civil,Ingenieria civil,E01B%,,
35,Other fields,Autres domaines,Otros sectores,Civil engineering,Genie civil,Ingenieria civil,E01C%,,
35,Other fields,Autres domaines,Otros sectores,Civil engineering,Genie civil,Ingenieria civil,E01D%,,
35,Other fields,Autres domaines,Otros sectores,Civil engineering,Genie civil,Ingenieria civil,E01F   1%,,
35,Other fields,Autres domaines,Otros sectores,Civil engineering,Genie civil,Ingenieria civil,E01F   3%,,
35,Other fields,Autres domaines,Otros sectores,Civil engineering,Genie civil,Ingenieria civil,E01F   5%,,
35,Other fields,Autres domaines,Otros sectores,Civil engineering,Genie civil,Ingenieria civil,E01F   7%,,
35,Other fields,Autres domaines,Otros sectores,Civil engineering,Genie civil,Ingenieria civil,E01F   9%,,
35,Other fields,Autres domaines,Otros sectores,Civil engineering,Genie civil,Ingenieria civil,E01F  11%,,
35,Other fields,Autres domaines,Otros sectores,Civil engineering,Genie civil,Ingenieria civil,E01F  13%,,
35,Other fields,Autres domaines,Otros sectores,Civil engineering,Genie civil,Ingenieria civil,E01F  15%,,
35,Other fields,Autres domaines,Otros sectores,Civil engineering,Genie civil,Ingenieria civil,E01H%,,
35,Other fields,Autres domaines,Otros sectores,Civil engineering,Genie civil,Ingenieria civil,E02B%,,
35,Other fields,Autres domaines,Otros sectores,Civil engineering,Genie civil,Ingenieria civil,E02C%,,
35,Other fields,Autres domaines,Otros sectores,Civil engineering,Genie civil,Ingenieria civil,E02D%,,
35,Other fields,Autres domaines,Otros sectores,Civil engineering,Genie civil,Ingenieria civil,E02F%,,
35,Other fields,Autres domaines,Otros sectores,Civil engineering,Genie civil,Ingenieria civil,E03B%,,
35,Other fields,Autres domaines,Otros sectores,Civil engineering,Genie civil,Ingenieria civil,E03C%,,
35,Other fields,Autres domaines,Otros sectores,Civil engineering,Genie civil,Ingenieria civil,E03D%,,
35,Other fields,Autres domaines,Otros sectores,Civil engineering,Genie civil,Ingenieria civil,E03F%,,
35,Other fields,Autres domaines,Otros sectores,Civil engineering,Genie civil,Ingenieria civil,E04B%,,
35,Other fields,Autres domaines,Otros sectores,Civil engineering,Genie civil,Ingenieria civil,E04C%,,
35,Other fields,Autres domaines,Otros sectores,Civil engineering,Genie civil,Ingenieria civil,E04D%,,
35,Other fields,Autres domaines,Otros sectores,Civil engineering,Genie civil,Ingenieria civil,E04F%,,
35,Other fields,Autres domaines,Otros sectores,Civil engineering,Genie civil,Ingenieria civil,E04G%,,
35,Other fields,Autres domaines,Otros sectores,Civil engineering,Genie civil,Ingenieria civil,E04H%,,
35,Other fields,Autres domaines,Otros sectores,Civil engineering,Genie civil,Ingenieria civil,E05B%,,
35,Other fields,Autres domaines,Otros sectores,Civil engineering,Genie civil,Ingenieria civil,E05C%,,
35,Other fields,Autres domaines,Otros sectores,Civil engineering,Genie civil,Ingenieria civil,E05D%,,
35,Other fields,Autres domaines,Otros sectores,Civil engineering,Genie civil,Ingenieria civil,E05F%,,
35,Other fields,Autres domaines,Otros sectores,Civil engineering,Genie civil,Ingenieria civil,E05G%,,
35,Other fields,Autres domaines,Otros sectores,Civil engineering,Genie civil,Ingenieria civil,E06B%,,
35,Other fields,Autres domaines,Otros sectores,Civil engineering,Genie civil,Ingenieria civil,E06C%,,
35,Other fields,Autres domaines,Otros sectores,Civil engineering,Genie civil,Ingenieria civil,E21B%,,
35,Other fields,Autres domaines,Otros sectores,Civil engineering,Genie civil,Ingenieria civil,E21C%,,
35,Other fields,Autres domaines,Otros sectores,Civil engineering,Genie civil,Ingenieria civil,E21D%,,
35,Other fields,Autres domaines,Otros sectores,Civil engineering,Genie civil,Ingenieria civil,E21F%,,
35,Other fields,Autres domaines,Otros sectores,Civil engineering,Genie civil,Ingenieria civil,E99Z%,,
